428@s.s@Yeni Malatyaspor@s.s@1@s.s@Football@s.s@419295@s.s@Yeni Malatyaspor
5363@s.s@Sivasspor@s.s@1@s.s@Football@s.s@419296@s.s@Sivasspor
423@s.s@Trabzonspor@s.s@1@s.s@Football@s.s@419291@s.s@Trabzonspor
1112@s.s@Serbia@s.s@1@s.s@Football@s.s@419306@s.s@Serbia
441@s.s@Stan Wawrinka@s.s@6@s.s@Tennis@s.s@421125@s.s@Wawrinka, Stan
442@s.s@Alexander Zverev@s.s@6@s.s@Tennis@s.s@421124@s.s@Zverev, Alexander
490@s.s@Roberto Bautista@s.s@6@s.s@Tennis@s.s@421120@s.s@Bautista-Agut, Roberto
443@s.s@Matteo Berrettini@s.s@6@s.s@Tennis@s.s@421117@s.s@Berrettini, Matteo
482@s.s@Alex De Minaur@s.s@6@s.s@Tennis@s.s@421123@s.s@De Minaur, Alex
462@s.s@David Goffin@s.s@6@s.s@Tennis@s.s@421116@s.s@Goffin, David
448@s.s@John Isner@s.s@6@s.s@Tennis@s.s@421122@s.s@Isner, John
1041@s.s@Ireland@s.s@1@s.s@Football@s.s@419302@s.s@República de Irlanda
1111@s.s@Romania@s.s@1@s.s@Football@s.s@419304@s.s@Rumania
492@s.s@Nick Kyrgios@s.s@6@s.s@Tennis@s.s@421119@s.s@Kyrgios, Nick
6741@s.s@DENNIS Rohan@s.s@9@s.s@Cycling@s.s@421202@s.s@Dennis, Rohan
6731@s.s@EVENEPOEL Remco@s.s@9@s.s@Cycling@s.s@421200@s.s@Evenepoel, Remco
6846@s.s@KELDERMAN Wilco@s.s@9@s.s@Cycling@s.s@421203@s.s@Kelderman, Wilco
6745@s.s@MAJKA Rafał@s.s@9@s.s@Cycling@s.s@421204@s.s@Majka, Rafal
6935@s.s@SOLER Marc@s.s@9@s.s@Cycling@s.s@421205@s.s@Soler, Marc
6793@s.s@YATES Simon@s.s@9@s.s@Cycling@s.s@421201@s.s@Yates, Simon
2936@s.s@Garbiñe Muguruza@s.s@6@s.s@Tennis@s.s@421165@s.s@Muguruza, Garbiñe
500@s.s@Andy Murray@s.s@6@s.s@Tennis@s.s@421176@s.s@Murray, Andy
477@s.s@Kei Nishikori@s.s@6@s.s@Tennis@s.s@421136@s.s@Nishikori, Kei
2905@s.s@Naomi Osaka@s.s@6@s.s@Tennis@s.s@421152@s.s@Osaka, Naomi
2933@s.s@Anastasia Pavlyuchenkova@s.s@6@s.s@Tennis@s.s@421142@s.s@Pavliuchénkova, Anastasia
2904@s.s@Karolina Pliskova @s.s@6@s.s@Tennis@s.s@421167@s.s@Pliskova, Karolina
2992@s.s@Anastasia Potapova@s.s@6@s.s@Tennis@s.s@421143@s.s@Potapova, Anastasia
497@s.s@Milos Raonic@s.s@6@s.s@Tennis@s.s@421137@s.s@Raonic, Milos
13852@s.s@Czech Republic@s.s@6@s.s@Tennis@s.s@421194@s.s@República Checa
13960@s.s@Russia@s.s@6@s.s@Tennis@s.s@421196@s.s@Rusia
1094@s.s@Norway@s.s@1@s.s@Football@s.s@419307@s.s@Noruega
5375@s.s@Kayserispor@s.s@1@s.s@Football@s.s@419282@s.s@Kayserispor
5372@s.s@Konyaspor@s.s@1@s.s@Football@s.s@419292@s.s@Konyaspor
1042@s.s@Israel@s.s@1@s.s@Football@s.s@419300@s.s@Israel
1039@s.s@Hungary@s.s@1@s.s@Football@s.s@419298@s.s@Hungría
1046@s.s@Iceland@s.s@1@s.s@Football@s.s@419305@s.s@Islandia
19@s.s@İstanbul Başakşehir@s.s@1@s.s@Football@s.s@419289@s.s@Istanbul Basaksehir
22@s.s@Galatasaray@s.s@1@s.s@Football@s.s@419290@s.s@Galatasaray
2932@s.s@Elena Rybakina@s.s@6@s.s@Tennis@s.s@421174@s.s@Rybakina, Elena
2914@s.s@Aryna Sabalenka@s.s@6@s.s@Tennis@s.s@421166@s.s@Sabalenka, Aryna
2925@s.s@Maria Sakkari@s.s@6@s.s@Tennis@s.s@421158@s.s@Sakkari, Maria
468@s.s@Denis Shapovalov@s.s@6@s.s@Tennis@s.s@421134@s.s@Shapovalov, Denis
2927@s.s@Sloane Stephens@s.s@6@s.s@Tennis@s.s@421162@s.s@Stephens, Sloane
13841@s.s@Switzerland@s.s@6@s.s@Tennis@s.s@421188@s.s@Suiza
2907@s.s@Elina Svitolina@s.s@6@s.s@Tennis@s.s@421171@s.s@Svitolina, Elina
6703@s.s@MOLLEMA Bauke@s.s@9@s.s@Cycling@s.s@421210@s.s@Mollema, Bauke
6724@s.s@NIBALI Vincenzo@s.s@9@s.s@Cycling@s.s@421234@s.s@Nibali, Vincenzo
6747@s.s@PINOT Thibaut@s.s@9@s.s@Cycling@s.s@421230@s.s@Pinot, Thibaut
1027@s.s@Georgia@s.s@1@s.s@Football@s.s@419313@s.s@Georgia
5680@s.s@Gateshead FC@s.s@1@s.s@Football@s.s@419268@s.s@Gateshead
5364@s.s@Fenerbahçe@s.s@1@s.s@Football@s.s@419283@s.s@Fenerbahce
6740@s.s@POELS Wout@s.s@9@s.s@Cycling@s.s@421213@s.s@Poels, Wouter
2958@s.s@Iga Świątek@s.s@6@s.s@Tennis@s.s@421170@s.s@Swiatek, Iga
459@s.s@Stefanos Tsitsipas@s.s@6@s.s@Tennis@s.s@421130@s.s@Tsitsipas, Stefanos
483@s.s@Jo-Wilfried Tsonga@s.s@6@s.s@Tennis@s.s@421182@s.s@Tsonga, Jo-Wilfried
7130@s.s@Donna Vekić@s.s@6@s.s@Tennis@s.s@421140@s.s@Vekic, Donna
2911@s.s@Serena Williams@s.s@6@s.s@Tennis@s.s@421156@s.s@Williams, Serena
2957@s.s@Venus Williams@s.s@6@s.s@Tennis@s.s@421181@s.s@Williams, Venus
2926@s.s@Dayana Yastremska@s.s@6@s.s@Tennis@s.s@421148@s.s@Yastremska, Dayana
13818@s.s@Australia@s.s@6@s.s@Tennis@s.s@421191@s.s@Australia
13853@s.s@Germany@s.s@6@s.s@Tennis@s.s@421195@s.s@Alemania
2928@s.s@Ekaterina Alexandrova@s.s@6@s.s@Tennis@s.s@421151@s.s@Alexandrova, Ekaterina
1744@s.s@Kevin Anderson@s.s@6@s.s@Tennis@s.s@421177@s.s@Anderson, Kevin
2924@s.s@Amanda Anisimova@s.s@6@s.s@Tennis@s.s@421145@s.s@Anisimova, Amanda
456@s.s@Felix Auger-Aliassime@s.s@6@s.s@Tennis@s.s@421138@s.s@Auger Aliassime, Felix
2952@s.s@Victoria Azarenka@s.s@6@s.s@Tennis@s.s@421149@s.s@Azarenka, Victoria
2903@s.s@Ashleigh Barty@s.s@6@s.s@Tennis@s.s@421144@s.s@Barty, Ashleigh
2909@s.s@Belinda Bencic@s.s@6@s.s@Tennis@s.s@421155@s.s@Bencic, Belinda
6707@s.s@POGAČAR Tadej@s.s@9@s.s@Cycling@s.s@421219@s.s@Pogacar, Tadej
6777@s.s@PORTE Richie@s.s@9@s.s@Cycling@s.s@421227@s.s@Porte, Richie
6713@s.s@QUINTANA Nairo@s.s@9@s.s@Cycling@s.s@421220@s.s@Quintana, Nairo
2912@s.s@Kiki Bertens@s.s@6@s.s@Tennis@s.s@421169@s.s@Bertens, Kiki
6693@s.s@ROGLIČ Primož@s.s@9@s.s@Cycling@s.s@421222@s.s@Roglic, Primoz
14128@s.s@BB Erzurumspor@s.s@1@s.s@Football@s.s@431729@s.s@BB Erzurumspor
6751@s.s@SIVAKOV Pavel@s.s@9@s.s@Cycling@s.s@421209@s.s@Sivakov, Pavel
6801@s.s@SOSA Iván Ramiro@s.s@9@s.s@Cycling@s.s@421217@s.s@Sosa Cuervo, Iván Ramiro
6733@s.s@THOMAS Geraint@s.s@9@s.s@Cycling@s.s@421207@s.s@Thomas, Geraint
6841@s.s@URÁN Rigoberto@s.s@9@s.s@Cycling@s.s@421237@s.s@Urán, Rigoberto
13835@s.s@Belarus@s.s@6@s.s@Tennis@s.s@421187@s.s@Bielorrusia
2960@s.s@Anna Blinkova@s.s@6@s.s@Tennis@s.s@421159@s.s@Blinkova, Anna
13823@s.s@Belgium@s.s@6@s.s@Tennis@s.s@421198@s.s@Bélgica
502@s.s@Pablo Carreño@s.s@6@s.s@Tennis@s.s@421185@s.s@Carreño Busta, Pablo
495@s.s@Marin Cilic@s.s@6@s.s@Tennis@s.s@421178@s.s@Cilic, Marin
2929@s.s@Danielle Collins@s.s@6@s.s@Tennis@s.s@421172@s.s@Collins, Danielle Rose
6697@s.s@VALVERDE Alejandro@s.s@9@s.s@Cycling@s.s@421232@s.s@Valverde, Alejandro
14132@s.s@Altay@s.s@1@s.s@Football@s.s@431727@s.s@Altay
5776@s.s@Botafogo@s.s@1@s.s@Football@s.s@432373@s.s@Botafogo-PB
4890@s.s@Zach Johnson@s.s@10@s.s@Golf@s.s@420876@s.s@Johnson, Zach
128@s.s@Dinamo Minsk@s.s@1@s.s@Football@s.s@427838@s.s@Dinamo Minsk
14130@s.s@Akhisar Belediye@s.s@1@s.s@Football@s.s@431726@s.s@Akhisar Belediyespor
5673@s.s@Dover Athletic@s.s@1@s.s@Football@s.s@419434@s.s@Dover Athletic
4755@s.s@Robert MacIntyre@s.s@10@s.s@Golf@s.s@420866@s.s@MacIntyre, Robert
8702@s.s@Edmen Shahbazyan@s.s@29@s.s@MMA-UFC@s.s@420774@s.s@Shahbazyan, Edmen
6710@s.s@YATES Adam@s.s@9@s.s@Cycling@s.s@421233@s.s@Yates, Adam
6832@s.s@ZAKARIN Ilnur@s.s@9@s.s@Cycling@s.s@421236@s.s@Zakarin, Ilnur
1680@s.s@Wests Tigers@s.s@5@s.s@Rugby League@s.s@421310@s.s@Wests Tigers
1665@s.s@Broncos@s.s@5@s.s@Rugby League@s.s@421318@s.s@Brisbane Broncos
9583@s.s@Tony Yoka@s.s@7@s.s@Boxing@s.s@424873@s.s@Yoka, Tony
1667@s.s@Raiders@s.s@5@s.s@Rugby League@s.s@421307@s.s@Canberra Raiders
1666@s.s@Bulldogs@s.s@5@s.s@Rugby League@s.s@421316@s.s@Canterbury Bulldogs
1613@s.s@Worcester Warriors@s.s@4@s.s@Rugby Union@s.s@420700@s.s@Worcester Warriors
7203@s.s@Bordeaux Bègles@s.s@4@s.s@Rugby Union@s.s@420735@s.s@Union Bordeaux Bégles
8611@s.s@ARU Fabio@s.s@9@s.s@Cycling@s.s@421206@s.s@Aru, Fabio
1671@s.s@Storm@s.s@5@s.s@Rugby League@s.s@421305@s.s@Melbourne Storm
1668@s.s@Sharks@s.s@5@s.s@Rugby League@s.s@421306@s.s@Cronulla Sharks
1677@s.s@Dragons@s.s@5@s.s@Rugby League@s.s@421347@s.s@Dragons Catalans
1669@s.s@Titans@s.s@5@s.s@Rugby League@s.s@421312@s.s@Gold Coast Titans
1670@s.s@Sea Eagles@s.s@5@s.s@Rugby League@s.s@421313@s.s@Manly Sea Eagles
1672@s.s@Warriors@s.s@5@s.s@Rugby League@s.s@421308@s.s@New Zealand Warriors
1616@s.s@London Irish@s.s@4@s.s@Rugby Union@s.s@420698@s.s@London Irish
1673@s.s@Knights@s.s@5@s.s@Rugby League@s.s@421309@s.s@Newcastle Knights
7144@s.s@Jeļena Ostapenko@s.s@6@s.s@Tennis@s.s@421154@s.s@Ostapenko, Jelena
463@s.s@Borna Coric@s.s@6@s.s@Tennis@s.s@421183@s.s@Coric, Borna
1674@s.s@Cowboys@s.s@5@s.s@Rugby League@s.s@421315@s.s@North Queensland Cowboys
14171@s.s@Burevestnik Jaroslav@s.s@2@s.s@Basketball@s.s@431252@s.s@Burevestnik
431@s.s@Zorya Luhansk@s.s@1@s.s@Football@s.s@427607@s.s@Zorya Luhansk
1675@s.s@Eels@s.s@5@s.s@Rugby League@s.s@421311@s.s@Parramatta Eels
1149@s.s@Uruguay@s.s@1@s.s@Football@s.s@419505@s.s@Uruguay
1676@s.s@Panthers@s.s@5@s.s@Rugby League@s.s@421303@s.s@Penrith Panthers
1678@s.s@Rabbitohs@s.s@5@s.s@Rugby League@s.s@421317@s.s@South Sydney Rabbitohs
7474@s.s@St George/Illawarra Dragons@s.s@5@s.s@Rugby League@s.s@421304@s.s@St George Illawarra Dragons
1679@s.s@Roosters@s.s@5@s.s@Rugby League@s.s@421314@s.s@Sydney Roosters
489@s.s@Juan Martin del Potro@s.s@6@s.s@Tennis@s.s@421175@s.s@Del Potro, Juan Martín
475@s.s@Grigor Dimitrov@s.s@6@s.s@Tennis@s.s@421131@s.s@Dimitrov, Grigor
5430@s.s@Atlético San Luis@s.s@1@s.s@Football@s.s@423095@s.s@San Luis
5773@s.s@Vasco da Gama@s.s@1@s.s@Football@s.s@423102@s.s@Gama
5449@s.s@Western Sydney@s.s@1@s.s@Football@s.s@419419@s.s@Western Sydney Wanderers
14143@s.s@Adanaspor@s.s@1@s.s@Football@s.s@431746@s.s@Adanaspor
2908@s.s@Bianca Andreescu@s.s@6@s.s@Tennis@s.s@421146@s.s@Andreescu, Bianca Vanessa
476@s.s@Karen Khachanov@s.s@6@s.s@Tennis@s.s@421132@s.s@Khachanov, Karen
5521@s.s@Slavia Mozyr@s.s@1@s.s@Football@s.s@427968@s.s@Slaviya-Mozyr
14175@s.s@MBA Moscow@s.s@2@s.s@Basketball@s.s@431247@s.s@MBA Moscow
991@s.s@Canada@s.s@1@s.s@Football@s.s@419488@s.s@Canadá
48@s.s@Shakhtar Donetsk@s.s@1@s.s@Football@s.s@427659@s.s@Shakhtar Donetsk
156@s.s@Oleksandria@s.s@1@s.s@Football@s.s@427608@s.s@Oleksandria
15@s.s@Dynamo Kyiv@s.s@1@s.s@Football@s.s@427658@s.s@Dinamo Kiev
139@s.s@Vitebsk@s.s@1@s.s@Football@s.s@427844@s.s@Vitebsk
5524@s.s@Slutsk@s.s@1@s.s@Football@s.s@427969@s.s@Slutsk
14256@s.s@Hougang United@s.s@1@s.s@Football@s.s@423175@s.s@Hougang United
14254@s.s@Balestier Khalsa@s.s@1@s.s@Football@s.s@423176@s.s@Balestier Khalsa
14252@s.s@Tampines Rovers@s.s@1@s.s@Football@s.s@423104@s.s@Tampines Rovers
5785@s.s@Bidvest Wits@s.s@1@s.s@Football@s.s@423258@s.s@Bidvest Wits
5519@s.s@Torpedo Zhodino@s.s@1@s.s@Football@s.s@427841@s.s@Torpedo-BelAZ
5786@s.s@Orlando Pirates@s.s@1@s.s@Football@s.s@423256@s.s@Orlando Pirates
407@s.s@Shakhtyor Soligorsk@s.s@1@s.s@Football@s.s@427842@s.s@Shakhtyor Soligorsk
14264@s.s@Smolevichi STI@s.s@1@s.s@Football@s.s@427839@s.s@Smolevichi
449@s.s@Novak Djokovic@s.s@6@s.s@Tennis@s.s@421129@s.s@Djokovic, Novak
13995@s.s@United States of America@s.s@6@s.s@Tennis@s.s@421192@s.s@EEUU
491@s.s@Kyle Edmund@s.s@6@s.s@Tennis@s.s@421186@s.s@Edmund, Kyle
13969@s.s@Slovakia@s.s@6@s.s@Tennis@s.s@421193@s.s@Eslovaquia
13864@s.s@Spain@s.s@6@s.s@Tennis@s.s@421190@s.s@España
434@s.s@Roger Federer@s.s@6@s.s@Tennis@s.s@421135@s.s@Federer, Roger
464@s.s@Fabio Fognini@s.s@6@s.s@Tennis@s.s@421133@s.s@Fognini, Fabio
13869@s.s@France@s.s@6@s.s@Tennis@s.s@421197@s.s@Francia
2968@s.s@Cori Gauff@s.s@6@s.s@Tennis@s.s@421147@s.s@Gauff, Cori
2906@s.s@Simona Halep@s.s@6@s.s@Tennis@s.s@421161@s.s@Halep, Simona
13885@s.s@Hungary@s.s@6@s.s@Tennis@s.s@421189@s.s@Hungría
5523@s.s@Neman Grodno@s.s@1@s.s@Football@s.s@427893@s.s@Neman Grodno
14176@s.s@University-Ugra@s.s@2@s.s@Basketball@s.s@431249@s.s@Universitet-Yugra
14170@s.s@Uralmash Ekaterinburg@s.s@2@s.s@Basketball@s.s@431248@s.s@Ural
14182@s.s@Spartak SPB@s.s@2@s.s@Basketball@s.s@431254@s.s@Spartak Saint Petersburg
14169@s.s@Spartak Primorie@s.s@2@s.s@Basketball@s.s@431251@s.s@Spartak Primorye
128@s.s@Dinamo Minsk@s.s@1@s.s@Football@s.s@427970@s.s@Minsk
5518@s.s@Isloch@s.s@1@s.s@Football@s.s@427894@s.s@Isloch
5520@s.s@Gorodeya@s.s@1@s.s@Football@s.s@427843@s.s@Gorodeya
14174@s.s@Rodniki Izhevsk@s.s@2@s.s@Basketball@s.s@431250@s.s@Kupol-Rodniki
16042@s.s@Taiwan Beer@s.s@2@s.s@Basketball@s.s@437550@s.s@Taiwan Beer
14137@s.s@Menemenspor@s.s@1@s.s@Football@s.s@431548@s.s@Menemen Belediyespor
5366@s.s@Gaziantep BB@s.s@1@s.s@Football@s.s@419281@s.s@Gazisehir Gaziantep
5370@s.s@Gençlerbirliği@s.s@1@s.s@Football@s.s@419293@s.s@Genclerbirligi
5367@s.s@Göztepe@s.s@1@s.s@Football@s.s@419285@s.s@Goztepe
5671@s.s@Darlington FC@s.s@1@s.s@Football@s.s@419272@s.s@Darlington
5368@s.s@Denizlispor@s.s@1@s.s@Football@s.s@419297@s.s@Denizlispor
979@s.s@Bulgaria@s.s@1@s.s@Football@s.s@419299@s.s@Bulgaria
5369@s.s@Rizespor@s.s@1@s.s@Football@s.s@419284@s.s@Caykur Rizespor
111@s.s@Besiktas@s.s@1@s.s@Football@s.s@419287@s.s@Besiktas
5651@s.s@Boston United@s.s@1@s.s@Football@s.s@419273@s.s@Boston United
974@s.s@Bosnia and Herzegovina@s.s@1@s.s@Football@s.s@419311@s.s@Bosnia y Herzegovina
5365@s.s@Alanyaspor@s.s@1@s.s@Football@s.s@419288@s.s@Alanyaspor
5373@s.s@Antalyaspor@s.s@1@s.s@Football@s.s@419286@s.s@Antalyaspor
5374@s.s@Ankaragücü@s.s@1@s.s@Football@s.s@419280@s.s@Ankaragucu
16043@s.s@Yulon Luxgen Dinos@s.s@2@s.s@Basketball@s.s@437593@s.s@Yulon Luxgen Dinos
5443@s.s@Melbourne City@s.s@1@s.s@Football@s.s@419417@s.s@Melbourne City
5444@s.s@Perth Glory@s.s@1@s.s@Football@s.s@419413@s.s@Perth Glory
5447@s.s@Western United@s.s@1@s.s@Football@s.s@419412@s.s@Western United
5448@s.s@Melbourne Victory@s.s@1@s.s@Football@s.s@419415@s.s@Melbourne Victory
5450@s.s@Brisbane Roar@s.s@1@s.s@Football@s.s@419414@s.s@Brisbane Roar
5451@s.s@Central Coast@s.s@1@s.s@Football@s.s@419418@s.s@Central Coast Mariners
5452@s.s@Newcastle Jets@s.s@1@s.s@Football@s.s@419411@s.s@Newcastle Jets
62@s.s@Zenit@s.s@1@s.s@Football@s.s@419390@s.s@Zenit San Petersburgo
5454@s.s@Ufa@s.s@1@s.s@Football@s.s@419403@s.s@Ufa
5456@s.s@Ural@s.s@1@s.s@Football@s.s@419397@s.s@Ural
5445@s.s@Wellington Phoenix@s.s@1@s.s@Football@s.s@419410@s.s@Wellington Phoenix
5458@s.s@Tambov@s.s@1@s.s@Football@s.s@419362@s.s@Tambov
5457@s.s@Spartak Moscow@s.s@1@s.s@Football@s.s@419398@s.s@Spartak Moscú
5453@s.s@Rostov@s.s@1@s.s@Football@s.s@419394@s.s@Rostov
5460@s.s@Rubin Kazan@s.s@1@s.s@Football@s.s@419396@s.s@Rubin Kazán
5461@s.s@Orenburg@s.s@1@s.s@Football@s.s@419392@s.s@Orenburg
5694@s.s@Maidenhead United@s.s@1@s.s@Football@s.s@419424@s.s@Maidenhead United
31@s.s@Lokomotiv@s.s@1@s.s@Football@s.s@419393@s.s@Lokomotiv Moscú
26@s.s@Krasnodar@s.s@1@s.s@Football@s.s@419402@s.s@Krasnodar
5462@s.s@Krylya Sovetov@s.s@1@s.s@Football@s.s@419363@s.s@Krylia Sovetov
5684@s.s@Hartlepool United@s.s@1@s.s@Football@s.s@419423@s.s@Hartlepool United
5463@s.s@Sochi@s.s@1@s.s@Football@s.s@419395@s.s@FC Sochi
129@s.s@Eintracht Frankfurt@s.s@1@s.s@Football@s.s@419406@s.s@Eintracht Frankfurt
5666@s.s@Chorley FC@s.s@1@s.s@Football@s.s@419421@s.s@Chorley
125@s.s@CSKA Moscow@s.s@1@s.s@Football@s.s@419391@s.s@CSKA Moscú
105@s.s@Arsenal Tula@s.s@1@s.s@Football@s.s@419399@s.s@Arsenal Tula
5427@s.s@Atlas@s.s@1@s.s@Football@s.s@419354@s.s@Atlas
164@s.s@Bayern@s.s@1@s.s@Football@s.s@419409@s.s@Bayern Munich
167@s.s@Leverkusen@s.s@1@s.s@Football@s.s@419408@s.s@Bayer 04 Leverkusen
5642@s.s@AFC Fylde@s.s@1@s.s@Football@s.s@419420@s.s@AFC Fylde
5459@s.s@Akhmat Grozny@s.s@1@s.s@Football@s.s@419400@s.s@Akhmat Grozny
1153@s.s@Venezuela@s.s@1@s.s@Football@s.s@419511@s.s@Venezuela
5737@s.s@Wrexham AFC@s.s@1@s.s@Football@s.s@419433@s.s@Wrexham
5739@s.s@Yeovil Town@s.s@1@s.s@Football@s.s@419428@s.s@Yeovil Town
1141@s.s@Turkey@s.s@1@s.s@Football@s.s@419464@s.s@Turquía
1139@s.s@Tunisia@s.s@1@s.s@Football@s.s@419483@s.s@Túnez
1146@s.s@Ukraine@s.s@1@s.s@Football@s.s@419458@s.s@Ucrania
5723@s.s@Solihull Moors@s.s@1@s.s@Football@s.s@419426@s.s@Solihull Moors
5731@s.s@Torquay United@s.s@1@s.s@Football@s.s@419427@s.s@Torquay United
1158@s.s@South Africa@s.s@1@s.s@Football@s.s@419499@s.s@Sudáfrica
1119@s.s@Sweden@s.s@1@s.s@Football@s.s@419455@s.s@Suecia
995@s.s@Switzerland@s.s@1@s.s@Football@s.s@419446@s.s@Suiza
5606@s.s@Rosario Central@s.s@1@s.s@Football@s.s@419443@s.s@Rosario Central
1125@s.s@Senegal@s.s@1@s.s@Football@s.s@419503@s.s@Senegal
1000@s.s@China@s.s@1@s.s@Football@s.s@419492@s.s@RP China
1006@s.s@Czech Republic@s.s@1@s.s@Football@s.s@419461@s.s@República Checa
1058@s.s@South Korea@s.s@1@s.s@Football@s.s@419494@s.s@República de Corea
1113@s.s@Russia@s.s@1@s.s@Football@s.s@419460@s.s@Rusia
14068@s.s@Shinnik Yaroslavl@s.s@1@s.s@Football@s.s@419472@s.s@Shínnik
5706@s.s@Notts County@s.s@1@s.s@Football@s.s@419439@s.s@Notts County
1091@s.s@Nigeria@s.s@1@s.s@Football@s.s@419497@s.s@Nigeria
1109@s.s@Paraguay@s.s@1@s.s@Football@s.s@419508@s.s@Paraguay
1107@s.s@Portugal@s.s@1@s.s@Football@s.s@419465@s.s@Portugal
367@s.s@IFK Norrköping@s.s@1@s.s@Football@s.s@419513@s.s@Norrkoping
1098@s.s@New Zealand@s.s@1@s.s@Football@s.s@419489@s.s@Nueva Zelanda
1100@s.s@Panama@s.s@1@s.s@Football@s.s@419481@s.s@Panamá
1093@s.s@Netherlands@s.s@1@s.s@Football@s.s@419457@s.s@Países Bajos
1101@s.s@Peru@s.s@1@s.s@Football@s.s@419507@s.s@Perú
1105@s.s@Poland@s.s@1@s.s@Football@s.s@419447@s.s@Polonia
1074@s.s@Montenegro@s.s@1@s.s@Football@s.s@419486@s.s@Montenegro
388@s.s@Malmö FF@s.s@1@s.s@Football@s.s@419512@s.s@Malmo
1072@s.s@Morocco@s.s@1@s.s@Football@s.s@419485@s.s@Marruecos
1086@s.s@Mexico@s.s@1@s.s@Football@s.s@419500@s.s@México
5602@s.s@Lanús@s.s@1@s.s@Football@s.s@419445@s.s@Lanús
1036@s.s@Honduras@s.s@1@s.s@Football@s.s@419474@s.s@Honduras
10612@s.s@England@s.s@1@s.s@Football@s.s@419452@s.s@Inglaterra
1045@s.s@Iran@s.s@1@s.s@Football@s.s@419482@s.s@Irán
1047@s.s@Italy@s.s@1@s.s@Football@s.s@419454@s.s@Italia
1050@s.s@Japan@s.s@1@s.s@Football@s.s@419498@s.s@Japón
1028@s.s@Ghana@s.s@1@s.s@Football@s.s@419476@s.s@Ghana
1121@s.s@Slovenia@s.s@1@s.s@Football@s.s@419506@s.s@Eslovenia
1018@s.s@Spain@s.s@1@s.s@Football@s.s@419462@s.s@España
1020@s.s@Finland@s.s@1@s.s@Football@s.s@419456@s.s@Finlandia
1023@s.s@France@s.s@1@s.s@Football@s.s@419448@s.s@Francia
10610@s.s@Wales@s.s@1@s.s@Football@s.s@419463@s.s@Gales
1032@s.s@Greece@s.s@1@s.s@Football@s.s@419490@s.s@Grecia
5675@s.s@Eastleigh FC@s.s@1@s.s@Football@s.s@419429@s.s@Eastleigh
5676@s.s@Ebbsfleet United@s.s@1@s.s@Football@s.s@419431@s.s@Ebbsfleet United
1013@s.s@Ecuador@s.s@1@s.s@Football@s.s@419478@s.s@Ecuador
1009@s.s@Denmark@s.s@1@s.s@Football@s.s@419453@s.s@Dinamarca
1148@s.s@United States of America@s.s@1@s.s@Football@s.s@419496@s.s@EEUU
1015@s.s@Egypt@s.s@1@s.s@Football@s.s@419501@s.s@Egipto
5656@s.s@Bromley FC@s.s@1@s.s@Football@s.s@419430@s.s@Bromley
977@s.s@Belgium@s.s@1@s.s@Football@s.s@419450@s.s@Bélgica
998@s.s@Chile@s.s@1@s.s@Football@s.s@419477@s.s@Chile
1001@s.s@Colombia@s.s@1@s.s@Football@s.s@419491@s.s@Colombia
1002@s.s@Costa Rica@s.s@1@s.s@Football@s.s@419502@s.s@Costa Rica
1005@s.s@Cyprus@s.s@1@s.s@Football@s.s@419479@s.s@Chipre
999@s.s@Cameroon@s.s@1@s.s@Football@s.s@419504@s.s@Camerún
1110@s.s@Qatar@s.s@1@s.s@Football@s.s@419493@s.s@Catar
5618@s.s@Colón@s.s@1@s.s@Football@s.s@419442@s.s@Colón de Santa Fe
996@s.s@Ivory Coast@s.s@1@s.s@Football@s.s@419484@s.s@Costa de Marfil
1037@s.s@Croatia@s.s@1@s.s@Football@s.s@419459@s.s@Croacia
985@s.s@Brazil@s.s@1@s.s@Football@s.s@419487@s.s@Brasil
972@s.s@Australia@s.s@1@s.s@Football@s.s@419475@s.s@Australia
5517@s.s@Dinamo Brest@s.s@1@s.s@Football@s.s@427840@s.s@Dinamo Brest
8@s.s@Bate Borisov@s.s@1@s.s@Football@s.s@427966@s.s@BATE
5645@s.s@Barnet FC@s.s@1@s.s@Football@s.s@419437@s.s@Barnet
5525@s.s@Energetik BGU@s.s@1@s.s@Football@s.s@427967@s.s@Energetik-BGU
14261@s.s@Belshina@s.s@1@s.s@Football@s.s@427971@s.s@Belshina
984@s.s@Bolivia@s.s@1@s.s@Football@s.s@419510@s.s@Bolivia
971@s.s@Austria@s.s@1@s.s@Football@s.s@419451@s.s@Austria
1@s.s@AIK@s.s@1@s.s@Football@s.s@419514@s.s@AIK
967@s.s@Albania@s.s@1@s.s@Football@s.s@419473@s.s@Albania
970@s.s@Argentina@s.s@1@s.s@Football@s.s@419480@s.s@Argentina
5600@s.s@Argentinos Juniors@s.s@1@s.s@Football@s.s@419444@s.s@Argentinos Juniors
1007@s.s@Germany@s.s@1@s.s@Football@s.s@419449@s.s@Alemania
1115@s.s@Saudi Arabia@s.s@1@s.s@Football@s.s@419509@s.s@Arabia Saudí
1012@s.s@Algeria@s.s@1@s.s@Football@s.s@419495@s.s@Argelia
6280@s.s@Guaraní@s.s@1@s.s@Football@s.s@419588@s.s@Guarani de Campinas
14133@s.s@Adana Demirspor@s.s@1@s.s@Football@s.s@419583@s.s@Adana Demirspor
14138@s.s@Balıkesirspor@s.s@1@s.s@Football@s.s@419585@s.s@Balikesirspor
14140@s.s@Altınordu@s.s@1@s.s@Football@s.s@419586@s.s@Altinordu
14144@s.s@Eskişehirspor@s.s@1@s.s@Football@s.s@419584@s.s@Eskisehirspor
6271@s.s@Universidad de Chile@s.s@1@s.s@Football@s.s@419596@s.s@Universidad de Chile
61@s.s@Young Boys@s.s@1@s.s@Football@s.s@419538@s.s@Young Boys
14106@s.s@Trem@s.s@1@s.s@Football@s.s@419560@s.s@Trem-AP
90@s.s@Saint-Etienne@s.s@1@s.s@Football@s.s@419577@s.s@Saint-Etienne
1124@s.s@San Marino@s.s@1@s.s@Football@s.s@419551@s.s@San Marino
14104@s.s@Santos AP@s.s@1@s.s@Football@s.s@419561@s.s@Santos-AP
148@s.s@Lugano@s.s@1@s.s@Football@s.s@419537@s.s@Lugano
149@s.s@Luzern@s.s@1@s.s@Football@s.s@419536@s.s@Luzern
1082@s.s@Malta@s.s@1@s.s@Football@s.s@419549@s.s@Malta
5695@s.s@Maidstone United@s.s@1@s.s@Football@s.s@419573@s.s@Maidstone United
5568@s.s@Millonarios@s.s@1@s.s@Football@s.s@419589@s.s@Millonarios
1069@s.s@Luxembourg@s.s@1@s.s@Football@s.s@419553@s.s@Luxemburgo
1073@s.s@Moldova@s.s@1@s.s@Football@s.s@419558@s.s@Moldavia
1060@s.s@Kazakhstan@s.s@1@s.s@Football@s.s@419555@s.s@Kazajistán
14067@s.s@Khimki@s.s@1@s.s@Football@s.s@419564@s.s@Khimki
1068@s.s@Lithuania@s.s@1@s.s@Football@s.s@419556@s.s@Lituania
1070@s.s@Latvia@s.s@1@s.s@Football@s.s@419548@s.s@Letonia
1173@s.s@Faroe Islands@s.s@1@s.s@Football@s.s@419550@s.s@Islas Feroe
1014@s.s@Estonia@s.s@1@s.s@Football@s.s@419559@s.s@Estonia
1176@s.s@Gibraltar@s.s@1@s.s@Football@s.s@419552@s.s@Gibraltar
5560@s.s@Deportivo Cali@s.s@1@s.s@Football@s.s@419590@s.s@Deportivo Cali
5783@s.s@Mamelodi Sundowns@s.s@1@s.s@Football@s.s@423257@s.s@Mamelodi Sundowns
5782@s.s@Kaizer Chiefs@s.s@1@s.s@Football@s.s@423259@s.s@Kaizer Chiefs
14262@s.s@Ruh Brest@s.s@1@s.s@Football@s.s@427837@s.s@Rukh Brest
14153@s.s@Bursaspor@s.s@2@s.s@Basketball@s.s@421104@s.s@Bursaspor
14076@s.s@EC Sao Jose@s.s@1@s.s@Football@s.s@419620@s.s@Sao José-MA
6269@s.s@Colo-Colo@s.s@1@s.s@Football@s.s@419595@s.s@Colo Colo
973@s.s@Azerbaijan@s.s@1@s.s@Football@s.s@419554@s.s@Azerbaiyán
5647@s.s@Billericay Town@s.s@1@s.s@Football@s.s@419574@s.s@Billericay Town
14131@s.s@Fatih Karagümrük@s.s@1@s.s@Football@s.s@431549@s.s@Fatih Karagümrük
968@s.s@Armenia@s.s@1@s.s@Football@s.s@419557@s.s@Armenia
14141@s.s@Boluspor@s.s@1@s.s@Football@s.s@431551@s.s@Boluspor
14136@s.s@Keçiörengücü@s.s@1@s.s@Football@s.s@431622@s.s@Keciorengücü
14119@s.s@Ponte Preta@s.s@1@s.s@Football@s.s@419587@s.s@Ponte Preta
16045@s.s@Pauian Archiland@s.s@2@s.s@Basketball@s.s@437594@s.s@Pauian
1618@s.s@Saracens@s.s@4@s.s@Rugby Union@s.s@420687@s.s@Saracens
4744@s.s@Joaquin Niemann@s.s@10@s.s@Golf@s.s@420873@s.s@Niemann, Joaquín
14127@s.s@Hatayspor@s.s@1@s.s@Football@s.s@431671@s.s@Hatayspor
5442@s.s@Sydney@s.s@1@s.s@Football@s.s@419416@s.s@Sydney FC
4698@s.s@Xander Schauffele@s.s@10@s.s@Golf@s.s@420856@s.s@Schauffele, Xander
14139@s.s@İstanbulspor@s.s@1@s.s@Football@s.s@431672@s.s@Istanbulspor
1480@s.s@Bandirma@s.s@2@s.s@Basketball@s.s@431678@s.s@Bandirma Kirmizi
14129@s.s@Bursaspor@s.s@1@s.s@Football@s.s@431621@s.s@Bursaspor
14142@s.s@Osmanlıspor@s.s@1@s.s@Football@s.s@431728@s.s@Osmanlispor
77@s.s@PSG@s.s@1@s.s@Football@s.s@419578@s.s@Paris Saint-Germain
7@s.s@Basel@s.s@1@s.s@Football@s.s@419541@s.s@Basilea
6157@s.s@Almagro@s.s@1@s.s@Football@s.s@419567@s.s@Almagro
329@s.s@Andorra@s.s@1@s.s@Football@s.s@419547@s.s@Andorra
5683@s.s@Harrogate Town@s.s@1@s.s@Football@s.s@419605@s.s@Harrogate Town
135@s.s@Mariupol @s.s@1@s.s@Football@s.s@419603@s.s@FC Mariupol
9813@s.s@Cecilia Braekhus@s.s@7@s.s@Boxing@s.s@420432@s.s@Braekhus, Cecilia
8804@s.s@Mairis Briedis@s.s@7@s.s@Boxing@s.s@420443@s.s@Briedis, Mairis
8857@s.s@Luke Campbell@s.s@7@s.s@Boxing@s.s@420434@s.s@Campbell, Luke
8841@s.s@John Riel Casimero@s.s@7@s.s@Boxing@s.s@420441@s.s@Casimero, John Riel
8890@s.s@Dereck Chisora@s.s@7@s.s@Boxing@s.s@420453@s.s@Chisora, Dereck
8889@s.s@Yuniel Dorticos@s.s@7@s.s@Boxing@s.s@420444@s.s@Dorticós, Yuniel
9202@s.s@Daniel Dubois@s.s@7@s.s@Boxing@s.s@420436@s.s@Dubois, Daniel
8883@s.s@Javier Fortuna@s.s@7@s.s@Boxing@s.s@420433@s.s@Fortuna, Javier
8827@s.s@Carl Frampton@s.s@7@s.s@Boxing@s.s@420445@s.s@Frampton, Carl
2970@s.s@Daria Kasatkina@s.s@6@s.s@Tennis@s.s@421168@s.s@Kasatkina, Darya
8881@s.s@Jamel Herring@s.s@7@s.s@Boxing@s.s@420446@s.s@Herring, Jamel
8856@s.s@Maurice Hooker@s.s@7@s.s@Boxing@s.s@420439@s.s@Hooker, Maurice
8795@s.s@Naoya Inoue@s.s@7@s.s@Boxing@s.s@420442@s.s@Inoue, Naoya
8789@s.s@Anthony Joshua@s.s@7@s.s@Boxing@s.s@420452@s.s@Joshua, Anthony
9044@s.s@Joe Joyce@s.s@7@s.s@Boxing@s.s@420435@s.s@Joyce, Joe
8949@s.s@Josh Kelly@s.s@7@s.s@Boxing@s.s@420447@s.s@Kelly, Josh
9554@s.s@Apinun Khongsong@s.s@7@s.s@Boxing@s.s@420429@s.s@Khongsong, Apinun
8849@s.s@Alexander Povetkin@s.s@7@s.s@Boxing@s.s@420449@s.s@Povetkin, Aleksandr
8819@s.s@Regis Prograis@s.s@7@s.s@Boxing@s.s@420440@s.s@Prograis, Regis
16044@s.s@Bank of Taiwan@s.s@2@s.s@Basketball@s.s@501529@s.s@Bank of Taiwan
2917@s.s@Sofia Kenin@s.s@6@s.s@Tennis@s.s@421141@s.s@Kenin, Sofia
8858@s.s@Kubrat Pulev@s.s@7@s.s@Boxing@s.s@420451@s.s@Pulev, Kubrat
2920@s.s@Angelique Kerber@s.s@6@s.s@Tennis@s.s@421160@s.s@Kerber, Angelique
2913@s.s@Madison Keys@s.s@6@s.s@Tennis@s.s@421150@s.s@Keys, Madison
10613@s.s@Northern Ireland@s.s@1@s.s@Football@s.s@419310@s.s@Irlanda del Norte
9631@s.s@Gamal Yafai@s.s@7@s.s@Boxing@s.s@424870@s.s@Yafai, Galal
4706@s.s@Bryson DeChambeau@s.s@10@s.s@Golf@s.s@420822@s.s@Dechambeau, Bryson
14258@s.s@Tanjong Pagar@s.s@1@s.s@Football@s.s@436938@s.s@Tanjong Pagar
2915@s.s@Johanna Konta@s.s@6@s.s@Tennis@s.s@421157@s.s@Konta, Johanna
2931@s.s@Anett Kontaveit@s.s@6@s.s@Tennis@s.s@421179@s.s@Kontaveit, Anett
2910@s.s@Petra Kvitová@s.s@6@s.s@Tennis@s.s@421164@s.s@Kvitova, Petra
2916@s.s@Petra Martic@s.s@6@s.s@Tennis@s.s@421184@s.s@Martic, Petra
9808@s.s@Amanda Serrano@s.s@7@s.s@Boxing@s.s@420437@s.s@Serrano, Amanda
3018@s.s@Catherine McNally@s.s@6@s.s@Tennis@s.s@421173@s.s@McNally, Catherine
460@s.s@Daniil Medvedev@s.s@6@s.s@Tennis@s.s@421139@s.s@Medvedev, Daniil
2919@s.s@Elise Mertens@s.s@6@s.s@Tennis@s.s@421153@s.s@Mertens, Elise
8796@s.s@Josh Taylor@s.s@7@s.s@Boxing@s.s@420430@s.s@Taylor, Josh
6694@s.s@ALAPHILIPPE Julian@s.s@9@s.s@Cycling@s.s@421238@s.s@Alaphilippe, Julian
9807@s.s@Katie Taylor@s.s@7@s.s@Boxing@s.s@420438@s.s@Taylor, Katie
8840@s.s@Dillian Whyte@s.s@7@s.s@Boxing@s.s@420450@s.s@Whyte, Dillian
8931@s.s@Anthony Yarde@s.s@7@s.s@Boxing@s.s@420456@s.s@Yarde, Anthony
1627@s.s@Scarlets@s.s@4@s.s@Rugby Union@s.s@420695@s.s@Scarlets
1632@s.s@Southern Kings@s.s@4@s.s@Rugby Union@s.s@420705@s.s@Southern Kings
7209@s.s@Toulouse@s.s@4@s.s@Rugby Union@s.s@420673@s.s@Toulouse
1615@s.s@Wasps@s.s@4@s.s@Rugby Union@s.s@420699@s.s@Wasps
1620@s.s@Ulster@s.s@4@s.s@Rugby Union@s.s@420686@s.s@Úlster
7205@s.s@Toulon@s.s@4@s.s@Rugby Union@s.s@420672@s.s@Tolón
1661@s.s@South Africa@s.s@4@s.s@Rugby Union@s.s@420692@s.s@Sudáfrica
7206@s.s@La Rochelle@s.s@4@s.s@Rugby Union@s.s@420681@s.s@Stade Rochelais
7215@s.s@Stade Francais@s.s@4@s.s@Rugby Union@s.s@420671@s.s@Stade Français Paris
1611@s.s@Bristol Bears@s.s@4@s.s@Rugby Union@s.s@420697@s.s@Bristol Bears
1612@s.s@Bath@s.s@4@s.s@Rugby Union@s.s@420703@s.s@Bath
7211@s.s@Brive@s.s@4@s.s@Rugby Union@s.s@420682@s.s@Brive
7210@s.s@ASM Clermont Auvergne@s.s@4@s.s@Rugby Union@s.s@420684@s.s@Clermont
7214@s.s@Castres@s.s@4@s.s@Rugby Union@s.s@420683@s.s@Castres
1607@s.s@Exeter Chiefs@s.s@4@s.s@Rugby Union@s.s@420689@s.s@Exeter Chiefs
1614@s.s@Harlequins@s.s@4@s.s@Rugby Union@s.s@420704@s.s@Harlequins
1609@s.s@Gloucester@s.s@4@s.s@Rugby Union@s.s@420701@s.s@Gloucester
1617@s.s@Leicester Tigers@s.s@4@s.s@Rugby Union@s.s@420696@s.s@Leicester Tigers
1619@s.s@Leinster@s.s@4@s.s@Rugby Union@s.s@420688@s.s@Leinster
7208@s.s@Montpellier@s.s@4@s.s@Rugby Union@s.s@420678@s.s@Montpellier
7204@s.s@Lyon@s.s@4@s.s@Rugby Union@s.s@420677@s.s@Lyon
1608@s.s@Northampton Saints@s.s@4@s.s@Rugby Union@s.s@420685@s.s@Northampton Saints
7212@s.s@Pau@s.s@4@s.s@Rugby Union@s.s@420679@s.s@Pau
7207@s.s@Racing 92@s.s@4@s.s@Rugby Union@s.s@420680@s.s@Racing 92
1610@s.s@Sale Sharks@s.s@4@s.s@Rugby Union@s.s@420702@s.s@Sale Sharks
7216@s.s@Agen@s.s@4@s.s@Rugby Union@s.s@420676@s.s@Agén
7213@s.s@Bayonne@s.s@4@s.s@Rugby Union@s.s@420675@s.s@Bayona
7203@s.s@Bordeaux Bègles@s.s@4@s.s@Rugby Union@s.s@420674@s.s@Burdeos
1626@s.s@Edinburgh@s.s@4@s.s@Rugby Union@s.s@420694@s.s@Edimburgo
8722@s.s@Ronaldo Souza@s.s@29@s.s@MMA-UFC@s.s@420770@s.s@Souza, Ronaldo
8651@s.s@Cody Stamann@s.s@29@s.s@MMA-UFC@s.s@420761@s.s@Stamann, Cody
8662@s.s@Jeremy Stephens@s.s@29@s.s@MMA-UFC@s.s@420769@s.s@Stephens, Jeremy
8748@s.s@Tecia Torres@s.s@29@s.s@MMA-UFC@s.s@420767@s.s@Torres, Tecia
8744@s.s@Michelle Waterson@s.s@29@s.s@MMA-UFC@s.s@420744@s.s@Waterson, Michelle
8737@s.s@Jessica Andrade@s.s@29@s.s@MMA-UFC@s.s@420755@s.s@Andrade, Jéssica
8645@s.s@Raphael Assuncao@s.s@29@s.s@MMA-UFC@s.s@420753@s.s@Assuncao, Raphael
8701@s.s@Derek Brunson@s.s@29@s.s@MMA-UFC@s.s@420775@s.s@Brunson, Derek
8743@s.s@Carla Esparza@s.s@29@s.s@MMA-UFC@s.s@420745@s.s@Esparza, Carla
8621@s.s@Tony Ferguson@s.s@29@s.s@MMA-UFC@s.s@420742@s.s@Ferguson, Tony
8649@s.s@Cody Garbrandt@s.s@29@s.s@MMA-UFC@s.s@420752@s.s@Garbrandt, Cody
8703@s.s@Uriah Hall@s.s@29@s.s@MMA-UFC@s.s@420771@s.s@Hall, Uriah
8730@s.s@Walt Harris@s.s@29@s.s@MMA-UFC@s.s@420738@s.s@Harris, Walt
8664@s.s@Calvin Kattar@s.s@29@s.s@MMA-UFC@s.s@420768@s.s@Kattar, Calvin
8769@s.s@Aspen Ladd@s.s@29@s.s@MMA-UFC@s.s@420773@s.s@Ladd, Aspen
8692@s.s@Vicente Luque@s.s@29@s.s@MMA-UFC@s.s@420747@s.s@Luque, Vicente
8738@s.s@Rose Namajunas@s.s@29@s.s@MMA-UFC@s.s@420754@s.s@Namajunas, Rose
8723@s.s@Francis Ngannou@s.s@29@s.s@MMA-UFC@s.s@420741@s.s@Ngannou, Francis
8613@s.s@Khabib Nurmagomedov@s.s@29@s.s@MMA-UFC@s.s@420743@s.s@Nurmagomedov, Khabib
8729@s.s@Alistair Overeem@s.s@29@s.s@MMA-UFC@s.s@420739@s.s@Overeem, Alistair
8770@s.s@Julianna Peña@s.s@29@s.s@MMA-UFC@s.s@420772@s.s@Peña, Julianna
8727@s.s@Jairzinho Rozenstruik@s.s@29@s.s@MMA-UFC@s.s@420740@s.s@Rozenstruik, Jairzinho
7388@s.s@Tonga@s.s@4@s.s@Rugby Union@s.s@420716@s.s@Tonga
7397@s.s@Uruguay@s.s@4@s.s@Rugby Union@s.s@420721@s.s@Uruguay
1624@s.s@Zebre@s.s@4@s.s@Rugby Union@s.s@420711@s.s@Zebre
1662@s.s@Argentina@s.s@4@s.s@Rugby Union@s.s@420718@s.s@Argentina
1663@s.s@Australia@s.s@4@s.s@Rugby Union@s.s@420730@s.s@Australia
1630@s.s@Cardiff Blues@s.s@4@s.s@Rugby Union@s.s@420710@s.s@Cardiff Blues
1622@s.s@Cheetahs@s.s@4@s.s@Rugby Union@s.s@420709@s.s@Cheetahs
1629@s.s@Connacht@s.s@4@s.s@Rugby Union@s.s@420712@s.s@Connacht
7277@s.s@Georgia@s.s@4@s.s@Rugby Union@s.s@420723@s.s@Georgia
1621@s.s@Glasgow Warriors@s.s@4@s.s@Rugby Union@s.s@420706@s.s@Glasgow Warriors
1628@s.s@Munster@s.s@4@s.s@Rugby Union@s.s@420707@s.s@Munster
7338@s.s@Namibia@s.s@4@s.s@Rugby Union@s.s@420720@s.s@Namibia
1625@s.s@Ospreys@s.s@4@s.s@Rugby Union@s.s@420713@s.s@Ospreys
7404@s.s@Samoa@s.s@4@s.s@Rugby Union@s.s@420726@s.s@Samoa
7396@s.s@United States of America@s.s@4@s.s@Rugby Union@s.s@420732@s.s@EEUU
7361@s.s@Russia@s.s@4@s.s@Rugby Union@s.s@420728@s.s@Rusia
7359@s.s@Romania@s.s@4@s.s@Rugby Union@s.s@420725@s.s@Rumania
1631@s.s@Benetton@s.s@4@s.s@Rugby Union@s.s@420708@s.s@Benetton Rugby
7243@s.s@Canada@s.s@4@s.s@Rugby Union@s.s@420729@s.s@Canadá
1605@s.s@Scotland@s.s@4@s.s@Rugby Union@s.s@420733@s.s@Escocia
7270@s.s@Spain@s.s@4@s.s@Rugby Union@s.s@420719@s.s@España
7273@s.s@Fiji@s.s@4@s.s@Rugby Union@s.s@420734@s.s@Fiyi
1602@s.s@France@s.s@4@s.s@Rugby Union@s.s@420731@s.s@Francia
1606@s.s@Wales@s.s@4@s.s@Rugby Union@s.s@420714@s.s@Gales
1601@s.s@England@s.s@4@s.s@Rugby Union@s.s@420717@s.s@Inglaterra
1603@s.s@Ireland@s.s@4@s.s@Rugby Union@s.s@420727@s.s@Irlanda
1604@s.s@Italy@s.s@4@s.s@Rugby Union@s.s@420715@s.s@Italia
7298@s.s@Japan@s.s@4@s.s@Rugby Union@s.s@420722@s.s@Japón
1664@s.s@New Zealand@s.s@4@s.s@Rugby Union@s.s@420724@s.s@Nueva Zelanda
4772@s.s@Alex Noren@s.s@10@s.s@Golf@s.s@420870@s.s@Noren, Alexander
4708@s.s@Louis Oosthuizen@s.s@10@s.s@Golf@s.s@420821@s.s@Oosthuizen, Louis
4745@s.s@Eddie Pepperell@s.s@10@s.s@Golf@s.s@420863@s.s@Pepperell, Eddie
4736@s.s@Ian Poulter@s.s@10@s.s@Golf@s.s@420858@s.s@Poulter, Ian
4693@s.s@Jon Rahm@s.s@10@s.s@Golf@s.s@420815@s.s@Rahm, Jon
4702@s.s@Patrick Reed@s.s@10@s.s@Golf@s.s@420875@s.s@Reed, Patrick
4699@s.s@Justin Rose@s.s@10@s.s@Golf@s.s@420814@s.s@Rose, Justin
4703@s.s@Adam Scott@s.s@10@s.s@Golf@s.s@420847@s.s@Scott, Adam
4701@s.s@Webb Simpson@s.s@10@s.s@Golf@s.s@420843@s.s@Simpson, Webb
4721@s.s@Cameron Smith@s.s@10@s.s@Golf@s.s@420865@s.s@Smith, Cameron
4737@s.s@Brandt Snedeker@s.s@10@s.s@Golf@s.s@420836@s.s@Snedeker, Brandt
4733@s.s@Jordan Spieth@s.s@10@s.s@Golf@s.s@420849@s.s@Spieth, Jordan
4716@s.s@Henrik Stenson@s.s@10@s.s@Golf@s.s@420826@s.s@Stenson, Henrik
4820@s.s@Andy Sullivan@s.s@10@s.s@Golf@s.s@420841@s.s@Sullivan, Andy
4694@s.s@Justin Thomas@s.s@10@s.s@Golf@s.s@420874@s.s@Thomas, Justin
4738@s.s@Erik van Rooyen@s.s@10@s.s@Golf@s.s@420862@s.s@Van Rooyen, Erik
4722@s.s@Matt Wallace@s.s@10@s.s@Golf@s.s@420842@s.s@Wallace, Matt
4742@s.s@Bubba Watson@s.s@10@s.s@Golf@s.s@420839@s.s@Watson, Bubba
6755@s.s@BARDET Romain@s.s@9@s.s@Cycling@s.s@421211@s.s@Bardet, Romain
6696@s.s@BERNAL Egan@s.s@9@s.s@Cycling@s.s@421229@s.s@Bernal, Egan
6708@s.s@BUCHMANN Emanuel@s.s@9@s.s@Cycling@s.s@421218@s.s@Buchmann, Emanuel
6716@s.s@CARAPAZ Richard@s.s@9@s.s@Cycling@s.s@421225@s.s@Carapaz, Richard
6942@s.s@CHAVES Esteban@s.s@9@s.s@Cycling@s.s@421226@s.s@Chaves Rubio, Johan Esteban
6839@s.s@DUMOULIN Tom@s.s@9@s.s@Cycling@s.s@421223@s.s@Dumoulin, Tom
4753@s.s@Lee Westwood@s.s@10@s.s@Golf@s.s@420828@s.s@Westwood, Lee
4713@s.s@Bernd Wiesberger@s.s@10@s.s@Golf@s.s@420869@s.s@Wiesberger, Bernd
4719@s.s@Danny Willett@s.s@10@s.s@Golf@s.s@420819@s.s@Willett, Danny
4810@s.s@Aaron Wise@s.s@10@s.s@Golf@s.s@420835@s.s@Wise, Aaron
4697@s.s@Tiger Woods@s.s@10@s.s@Golf@s.s@420850@s.s@Woods, Tiger
4734@s.s@Byeong Hun An@s.s@10@s.s@Golf@s.s@420855@s.s@An, Byeong-Hun
4729@s.s@Abraham Ancer@s.s@10@s.s@Golf@s.s@420867@s.s@Ancer, Abraham
4776@s.s@Lucas Bjerregaard@s.s@10@s.s@Golf@s.s@420860@s.s@Bjerregaard, Lucas
8609@s.s@FROOME Chris@s.s@9@s.s@Cycling@s.s@421212@s.s@Froome, Chris
6695@s.s@FUGLSANG Jakob@s.s@9@s.s@Cycling@s.s@421215@s.s@Fuglsang, Jakob
6739@s.s@GAUDU David@s.s@9@s.s@Cycling@s.s@421231@s.s@Gaudu, David
6727@s.s@HIGUITA Sergio@s.s@9@s.s@Cycling@s.s@421224@s.s@Higuita, Sergio
6734@s.s@KRUIJSWIJK Steven@s.s@9@s.s@Cycling@s.s@421208@s.s@Kruijswijk, Steven
6726@s.s@LANDA Mikel@s.s@9@s.s@Cycling@s.s@421214@s.s@Landa, Mikel
5702@s.s@Nantwich Town@s.s@1@s.s@Football@s.s@425496@s.s@Nantwich Town
4740@s.s@Keegan Bradley@s.s@10@s.s@Golf@s.s@420871@s.s@Bradley, Keegan
4732@s.s@Rafa Cabrera Bello@s.s@10@s.s@Golf@s.s@420864@s.s@Cabrera-Bello, Rafael
4696@s.s@Patrick Cantlay@s.s@10@s.s@Golf@s.s@420852@s.s@Cantlay, Patrick
4707@s.s@Paul Casey@s.s@10@s.s@Golf@s.s@420827@s.s@Casey, Paul
4730@s.s@Jason Day@s.s@10@s.s@Golf@s.s@420848@s.s@Day, Jason
8004@s.s@Europe@s.s@10@s.s@Golf@s.s@420812@s.s@Equipo de Europa
4705@s.s@Tony Finau@s.s@10@s.s@Golf@s.s@420837@s.s@Finau, Tony
4715@s.s@Matthew Fitzpatrick@s.s@10@s.s@Golf@s.s@420823@s.s@Fitzpatrick, Matthew
14135@s.s@Giresunspor@s.s@1@s.s@Football@s.s@431747@s.s@Giresunspor
6889@s.s@LATOUR Pierre@s.s@9@s.s@Cycling@s.s@421228@s.s@Latour, Pierre
4700@s.s@Tommy Fleetwood@s.s@10@s.s@Golf@s.s@420868@s.s@Fleetwood, Tommy
6721@s.s@LÓPEZ Miguel Ángel@s.s@9@s.s@Cycling@s.s@421221@s.s@López, Miguel Ángel
4712@s.s@Rickie Fowler@s.s@10@s.s@Golf@s.s@420851@s.s@Fowler, Rickie
4796@s.s@Dylan Frittelli@s.s@10@s.s@Golf@s.s@420857@s.s@Frittelli, Dylan
4751@s.s@Jim Furyk@s.s@10@s.s@Golf@s.s@420831@s.s@Furyk, Jim
4731@s.s@Sergio Garcia@s.s@10@s.s@Golf@s.s@420820@s.s@García, Sergio
4763@s.s@Branden Grace@s.s@10@s.s@Golf@s.s@420844@s.s@Grace, Branden
4800@s.s@Emiliano Grillo@s.s@10@s.s@Golf@s.s@420813@s.s@Grillo, Emiliano
4724@s.s@Tyrrell Hatton@s.s@10@s.s@Golf@s.s@420829@s.s@Hatton, Tyrrell
4726@s.s@Billy Horschel@s.s@10@s.s@Golf@s.s@420872@s.s@Horschel, Billy
4695@s.s@Dustin Johnson@s.s@10@s.s@Golf@s.s@420846@s.s@Johnson, Dustin
6797@s.s@MARTÍNEZ Daniel Felipe@s.s@9@s.s@Cycling@s.s@421216@s.s@Martínez Poveda, Daniel Felipe
6757@s.s@MAS Enric@s.s@9@s.s@Cycling@s.s@421235@s.s@Mas, Enric
4845@s.s@Andrew Johnston@s.s@10@s.s@Golf@s.s@420861@s.s@Johnston, Andrew
4817@s.s@Martin Kaymer@s.s@10@s.s@Golf@s.s@420833@s.s@Kaymer, Martin
4720@s.s@Kevin Kisner@s.s@10@s.s@Golf@s.s@420834@s.s@Kisner, Kevin
4803@s.s@Russell Knox@s.s@10@s.s@Golf@s.s@420840@s.s@Knox, Russell
4691@s.s@Brooks Koepka@s.s@10@s.s@Golf@s.s@420816@s.s@Koepka, Brooks
4714@s.s@Matt Kuchar@s.s@10@s.s@Golf@s.s@420818@s.s@Kuchar, Matt
4718@s.s@Marc Leishman@s.s@10@s.s@Golf@s.s@420838@s.s@Leishman, Marc
4749@s.s@Tom Lewis@s.s@10@s.s@Golf@s.s@420845@s.s@Lewis, Tom
4759@s.s@Haotong Li@s.s@10@s.s@Golf@s.s@420853@s.s@Li, Haotong
4758@s.s@Mike Lorenzo-Vera@s.s@10@s.s@Golf@s.s@420832@s.s@Lorenzo-Vera, Michael
4709@s.s@Shane Lowry@s.s@10@s.s@Golf@s.s@420824@s.s@Lowry, Shane
4711@s.s@Hideki Matsuyama@s.s@10@s.s@Golf@s.s@420825@s.s@Matsuyama, Hideki
4790@s.s@Graeme McDowell@s.s@10@s.s@Golf@s.s@420859@s.s@McDowell, Graeme
4692@s.s@Rory McIlroy@s.s@10@s.s@Golf@s.s@420817@s.s@McIlroy, Rory
4769@s.s@Phil Mickelson@s.s@10@s.s@Golf@s.s@420830@s.s@Mickelson, Phil
4710@s.s@Francesco Molinari@s.s@10@s.s@Golf@s.s@420854@s.s@Molinari, Francesco
12831@s.s@IFK Kristianstad@s.s@38@s.s@Handball@s.s@420800@s.s@Kristianstad
8000@s.s@Arizona Cardinals@s.s@11@s.s@American Football@s.s@420921@s.s@Arizona Cardinals
7996@s.s@Atlanta Falcons@s.s@11@s.s@American Football@s.s@420913@s.s@Atlanta Falcons
7972@s.s@Buffalo Bills@s.s@11@s.s@American Football@s.s@420924@s.s@Buffalo Bills
7976@s.s@Baltimore Ravens@s.s@11@s.s@American Football@s.s@420935@s.s@Baltimore Ravens
7977@s.s@Cincinnati Bengals@s.s@11@s.s@American Football@s.s@420931@s.s@Cincinnati Bengals
7997@s.s@Carolina Panthers@s.s@11@s.s@American Football@s.s@420916@s.s@Carolina Panthers
7992@s.s@Chicago Bears@s.s@11@s.s@American Football@s.s@420919@s.s@Chicago Bears
7978@s.s@Cleveland Browns@s.s@11@s.s@American Football@s.s@420923@s.s@Cleveland Browns
7994@s.s@Green Bay Packers@s.s@11@s.s@American Football@s.s@420907@s.s@Green Bay Packers
7993@s.s@Detroit Lions@s.s@11@s.s@American Football@s.s@420912@s.s@Detroit Lions
7988@s.s@Dallas Cowboys@s.s@11@s.s@American Football@s.s@420920@s.s@Dallas Cowboys
7984@s.s@Denver Broncos@s.s@11@s.s@American Football@s.s@420933@s.s@Denver Broncos
7980@s.s@Houston Texans@s.s@11@s.s@American Football@s.s@420922@s.s@Houston Texans
7981@s.s@Indianapolis Colts@s.s@11@s.s@American Football@s.s@420928@s.s@Indianapolis Colts
7982@s.s@Jacksonville Jaguars@s.s@11@s.s@American Football@s.s@420934@s.s@Jacksonville Jaguars
7985@s.s@Kansas City Chiefs@s.s@11@s.s@American Football@s.s@420932@s.s@Kansas City Chiefs
7986@s.s@Las Vegas Raiders@s.s@11@s.s@American Football@s.s@420927@s.s@Las Vegas Raiders
7987@s.s@Los Angeles Chargers@s.s@11@s.s@American Football@s.s@420929@s.s@Los Angeles Chargers
7973@s.s@Miami Dolphins@s.s@11@s.s@American Football@s.s@420925@s.s@Miami Dolphins
8001@s.s@Los Angeles Rams@s.s@11@s.s@American Football@s.s@420911@s.s@Los Angeles Rams
7974@s.s@New England Patriots@s.s@11@s.s@American Football@s.s@420930@s.s@New England Patriots
7998@s.s@New Orleans Saints@s.s@11@s.s@American Football@s.s@420910@s.s@New Orleans Saints
7995@s.s@Minnesota Vikings@s.s@11@s.s@American Football@s.s@420906@s.s@Minnesota Vikings
7989@s.s@New York Giants@s.s@11@s.s@American Football@s.s@420918@s.s@New York Giants
7990@s.s@Philadelphia Eagles@s.s@11@s.s@American Football@s.s@420914@s.s@Philadelphia Eagles
7975@s.s@New York Jets@s.s@11@s.s@American Football@s.s@420926@s.s@New York Jets
7979@s.s@Pittsburgh Steelers@s.s@11@s.s@American Football@s.s@420936@s.s@Pittsburgh Steelers
8003@s.s@Seattle Seahawks@s.s@11@s.s@American Football@s.s@420908@s.s@Seattle Seahawks
8002@s.s@San Francisco 49ers@s.s@11@s.s@American Football@s.s@420917@s.s@San Francisco 49ers
7999@s.s@Tampa Bay Buccaneers@s.s@11@s.s@American Football@s.s@420909@s.s@Tampa Bay Buccaneers
7983@s.s@Tennessee Titans@s.s@11@s.s@American Football@s.s@420937@s.s@Tennessee Titans
7991@s.s@Washington Redskins@s.s@11@s.s@American Football@s.s@420915@s.s@Washington Redskins
4717@s.s@Kevin Na@s.s@10@s.s@Golf@s.s@420881@s.s@Na, Kevin
4789@s.s@Thorbjorn Olesen@s.s@10@s.s@Golf@s.s@420888@s.s@Olesen, Thorbjorn
4801@s.s@Scott Piercy@s.s@10@s.s@Golf@s.s@420890@s.s@Piercy, Scott
4775@s.s@Thomas Pieters@s.s@10@s.s@Golf@s.s@420878@s.s@Pieters, Thomas
4924@s.s@Jimmy Walker@s.s@10@s.s@Golf@s.s@420887@s.s@Walker, Jimmy
4704@s.s@Gary Woodland@s.s@10@s.s@Golf@s.s@420877@s.s@Woodland, Gary
4842@s.s@Daniel Berger@s.s@10@s.s@Golf@s.s@420882@s.s@Berger, Daniel
4955@s.s@Jason Dufner@s.s@10@s.s@Golf@s.s@420883@s.s@Dufner, Jason
4762@s.s@Lucas Glover@s.s@10@s.s@Golf@s.s@420884@s.s@Glover, Lucas
5015@s.s@Padraig Harrington@s.s@10@s.s@Golf@s.s@420879@s.s@Harrington, Padraig
4784@s.s@Viktor Hovland@s.s@10@s.s@Golf@s.s@420885@s.s@Hovland, Viktor
4797@s.s@Siwoo Kim@s.s@10@s.s@Golf@s.s@420880@s.s@Kim, Si-Woo
4840@s.s@Luke List@s.s@10@s.s@Golf@s.s@420889@s.s@List, Luke
4743@s.s@Collin Morikawa@s.s@10@s.s@Golf@s.s@420886@s.s@Morikawa, Collin
1540@s.s@Anadolu Efes Istanbul@s.s@2@s.s@Basketball@s.s@421094@s.s@Anadolu
1540@s.s@Anadolu Efes Istanbul@s.s@2@s.s@Basketball@s.s@421105@s.s@Anadolu Efes
14159@s.s@Sydney Kings@s.s@2@s.s@Basketball@s.s@421099@s.s@Sydney Kings
14160@s.s@Perth Wildcats@s.s@2@s.s@Basketball@s.s@421100@s.s@Perth Wildcats
14168@s.s@BC Samara@s.s@2@s.s@Basketball@s.s@421090@s.s@Samara
14182@s.s@Spartak SPB@s.s@2@s.s@Basketball@s.s@421079@s.s@Spartak St Petersburg
5311@s.s@Ionikos Nikaias@s.s@2@s.s@Basketball@s.s@421077@s.s@Nika
496@s.s@Gael Monfils@s.s@6@s.s@Tennis@s.s@421121@s.s@Monfils, Gael
14172@s.s@Temp Sumz Revda@s.s@2@s.s@Basketball@s.s@421103@s.s@TEMP-SUMZ-UMMC
478@s.s@Rafael Nadal@s.s@6@s.s@Tennis@s.s@421127@s.s@Nadal, Rafael
470@s.s@Andrey Rublev@s.s@6@s.s@Tennis@s.s@421128@s.s@Rublev, Andrey
457@s.s@Diego Schwartzman@s.s@6@s.s@Tennis@s.s@421118@s.s@Schwartzman, Diego
435@s.s@Dominic Thiem@s.s@6@s.s@Tennis@s.s@421126@s.s@Thiem, Dominic
