4710@s.s@Francesco Molinari@s.s@10@s.s@Golf@s.s@417747@s.s@Molinari, Francesco
8692@s.s@Vicente Luque@s.s@29@s.s@MMA-UFC@s.s@423013@s.s@Luque, Vicente
8701@s.s@Derek Brunson@s.s@29@s.s@MMA-UFC@s.s@423016@s.s@Brunson, Derek
8743@s.s@Carla Esparza@s.s@29@s.s@MMA-UFC@s.s@423014@s.s@Esparza, Carla
8730@s.s@Walt Harris@s.s@29@s.s@MMA-UFC@s.s@423010@s.s@Harris, Walt
8699@s.s@Jack Hermansson@s.s@29@s.s@MMA-UFC@s.s@423008@s.s@Hermansson, Jack
8729@s.s@Alistair Overeem@s.s@29@s.s@MMA-UFC@s.s@423011@s.s@Overeem, Alistair
8702@s.s@Edmen Shahbazyan@s.s@29@s.s@MMA-UFC@s.s@423017@s.s@Shahbazyan, Edmen
8710@s.s@Anthony Smith@s.s@29@s.s@MMA-UFC@s.s@423007@s.s@Smith, Anthony
8716@s.s@Glover Teixeira@s.s@29@s.s@MMA-UFC@s.s@423006@s.s@Teixeira, Glover
8744@s.s@Michelle Waterson@s.s@29@s.s@MMA-UFC@s.s@423015@s.s@Waterson, Michelle
7206@s.s@La Rochelle@s.s@4@s.s@Rugby Union@s.s@423383@s.s@La Rochelle
7216@s.s@Agen@s.s@4@s.s@Rugby Union@s.s@423388@s.s@SU Agen
7208@s.s@Montpellier@s.s@4@s.s@Rugby Union@s.s@423389@s.s@Montpellier Herault Rugby
7204@s.s@Lyon@s.s@4@s.s@Rugby Union@s.s@423384@s.s@Lyon Ou
91@s.s@Brest@s.s@1@s.s@Football@s.s@423559@s.s@FC Brest
14264@s.s@Smolevichi STI@s.s@1@s.s@Football@s.s@423560@s.s@FC Smolevichi-STI
14076@s.s@EC Sao Jose@s.s@1@s.s@Football@s.s@424032@s.s@SAO Jose MA
5451@s.s@Central Coast@s.s@1@s.s@Football@s.s@416751@s.s@Central Coast Mariners
14092@s.s@Volta Redonda@s.s@1@s.s@Football@s.s@416794@s.s@Volta Redonda RJ
5702@s.s@Nantwich Town@s.s@1@s.s@Football@s.s@424649@s.s@Nantwich Town
5773@s.s@Vasco da Gama@s.s@1@s.s@Football@s.s@424647@s.s@Gama
14140@s.s@Altınordu@s.s@1@s.s@Football@s.s@416603@s.s@Altinordu Spor
5447@s.s@Western United@s.s@1@s.s@Football@s.s@418268@s.s@Western United FC
5444@s.s@Perth Glory@s.s@1@s.s@Football@s.s@418267@s.s@Perth
14145@s.s@Pinar Karsiyaka@s.s@2@s.s@Basketball@s.s@417575@s.s@Pinar Karsiyaka
14160@s.s@Perth Wildcats@s.s@2@s.s@Basketball@s.s@417580@s.s@Perth Wildcats
170@s.s@Wolfsburg@s.s@1@s.s@Football@s.s@426237@s.s@Wolfsburg
172@s.s@Union Berlin@s.s@1@s.s@Football@s.s@426236@s.s@Union Berlin
178@s.s@W. Bremen@s.s@1@s.s@Football@s.s@426239@s.s@Werder Bremen
166@s.s@Schalke 04@s.s@1@s.s@Football@s.s@426233@s.s@Schalke 04
169@s.s@Freiburg@s.s@1@s.s@Football@s.s@426240@s.s@SC Freiburg
179@s.s@Paderborn 07@s.s@1@s.s@Football@s.s@426228@s.s@Paderborn
168@s.s@Hoffenheim@s.s@1@s.s@Football@s.s@426235@s.s@Hoffenheim
173@s.s@Hertha BSC@s.s@1@s.s@Football@s.s@426234@s.s@Hertha BSC
169@s.s@Freiburg@s.s@1@s.s@Football@s.s@426230@s.s@Freiburg
175@s.s@Mainz 05@s.s@1@s.s@Football@s.s@426231@s.s@FSV Mainz 05
171@s.s@Augsburg@s.s@1@s.s@Football@s.s@426238@s.s@Augsburg
339@s.s@Cartagena@s.s@1@s.s@Football@s.s@429909@s.s@AD Cartagena
8@s.s@Bate Borisov@s.s@1@s.s@Football@s.s@429960@s.s@BATE Borisov
5525@s.s@Energetik BGU@s.s@1@s.s@Football@s.s@429959@s.s@Zvezda-Va-bgu Minsk
14172@s.s@Temp Sumz Revda@s.s@2@s.s@Basketball@s.s@430128@s.s@Temp-sumz Revda
14182@s.s@Spartak SPB@s.s@2@s.s@Basketball@s.s@430159@s.s@Spartak ST Petersburg
14257@s.s@Brunei DPMM@s.s@1@s.s@Football@s.s@430183@s.s@DPMM FC
14260@s.s@Young Lions@s.s@1@s.s@Football@s.s@430182@s.s@Young Lions
14137@s.s@Menemenspor@s.s@1@s.s@Football@s.s@430716@s.s@Menemen Belediyespor
14139@s.s@İstanbulspor@s.s@1@s.s@Football@s.s@430717@s.s@Istanbulspor AS
14129@s.s@Bursaspor@s.s@1@s.s@Football@s.s@430726@s.s@Bursaspor
14135@s.s@Giresunspor@s.s@1@s.s@Football@s.s@430729@s.s@Giresunspor
14128@s.s@BB Erzurumspor@s.s@1@s.s@Football@s.s@430719@s.s@Buyuksehir Belediye Erzurumspor
14143@s.s@Adanaspor@s.s@1@s.s@Football@s.s@430728@s.s@Adanaspor
14141@s.s@Boluspor@s.s@1@s.s@Football@s.s@430722@s.s@Boluspor
14132@s.s@Altay@s.s@1@s.s@Football@s.s@430720@s.s@Altay Izmir
5616@s.s@Unión Santa Fe@s.s@1@s.s@Football@s.s@431036@s.s@Union de Santa Fe
5603@s.s@Vélez Sarsfield@s.s@1@s.s@Football@s.s@431037@s.s@Velez Sarsfield
5622@s.s@Aldosivi@s.s@1@s.s@Football@s.s@431038@s.s@CA Aldosivi
5619@s.s@Huracán@s.s@1@s.s@Football@s.s@431035@s.s@CA Huracan
5611@s.s@Talleres de Córdoba@s.s@1@s.s@Football@s.s@431242@s.s@CA Talleres
5604@s.s@River Plate@s.s@1@s.s@Football@s.s@431243@s.s@CA River Plate (ARG)
7977@s.s@Cincinnati Bengals@s.s@11@s.s@American Football@s.s@417326@s.s@Cincinnati Bengals
7984@s.s@Denver Broncos@s.s@11@s.s@American Football@s.s@417318@s.s@Denver Broncos
7972@s.s@Buffalo Bills@s.s@11@s.s@American Football@s.s@417308@s.s@Buffalo Bills
7976@s.s@Baltimore Ravens@s.s@11@s.s@American Football@s.s@417320@s.s@Baltimore Ravens
7992@s.s@Chicago Bears@s.s@11@s.s@American Football@s.s@417327@s.s@Chicago Bears
7996@s.s@Atlanta Falcons@s.s@11@s.s@American Football@s.s@417329@s.s@Atlanta Falcons
7997@s.s@Carolina Panthers@s.s@11@s.s@American Football@s.s@417302@s.s@Carolina Panthers
8792@s.s@Deontay Wilder@s.s@7@s.s@Boxing@s.s@417605@s.s@Wilder, Deontay
6832@s.s@ZAKARIN Ilnur@s.s@9@s.s@Cycling@s.s@417635@s.s@Zakarin, Ilnur
6733@s.s@THOMAS Geraint@s.s@9@s.s@Cycling@s.s@417659@s.s@Thomas, Geraint
6777@s.s@PORTE Richie@s.s@9@s.s@Cycling@s.s@417671@s.s@Porte, Richie
6835@s.s@DUNBAR Eddie@s.s@9@s.s@Cycling@s.s@417682@s.s@Dunbar, Eddie
5442@s.s@Sydney@s.s@1@s.s@Football@s.s@416753@s.s@Sydney
1119@s.s@Sweden@s.s@1@s.s@Football@s.s@416469@s.s@Sweden
5731@s.s@Torquay United@s.s@1@s.s@Football@s.s@416554@s.s@Torquay
1153@s.s@Venezuela@s.s@1@s.s@Football@s.s@416512@s.s@Venezuela
1149@s.s@Uruguay@s.s@1@s.s@Football@s.s@429912@s.s@Uruguay de Coronado
5409@s.s@Urawa Reds@s.s@1@s.s@Football@s.s@416832@s.s@Urawa Red Diamonds
5594@s.s@Sarpsborg 08@s.s@1@s.s@Football@s.s@416686@s.s@Sarpsborg 08
71@s.s@Newcastle United@s.s@1@s.s@Football@s.s@416544@s.s@Newcastle United
1094@s.s@Norway@s.s@1@s.s@Football@s.s@416475@s.s@Norway
76@s.s@Norwich City@s.s@1@s.s@Football@s.s@416543@s.s@Norwich
5404@s.s@Oita Trinita@s.s@1@s.s@Football@s.s@416842@s.s@Oita Trinita
1100@s.s@Panama@s.s@1@s.s@Football@s.s@416864@s.s@Panama
5569@s.s@Once Caldas@s.s@1@s.s@Football@s.s@416820@s.s@Once Caldas
1109@s.s@Paraguay@s.s@1@s.s@Football@s.s@416521@s.s@Paraguay
5561@s.s@Deportivo Pasto@s.s@1@s.s@Football@s.s@416817@s.s@Pasto
14119@s.s@Ponte Preta@s.s@1@s.s@Football@s.s@416796@s.s@Ponte Preta
1101@s.s@Peru@s.s@1@s.s@Football@s.s@416513@s.s@Peru
1105@s.s@Poland@s.s@1@s.s@Football@s.s@416461@s.s@Poland
1110@s.s@Qatar@s.s@1@s.s@Football@s.s@416517@s.s@Qatar
1107@s.s@Portugal@s.s@1@s.s@Football@s.s@416467@s.s@Portugal
162@s.s@RB Leipzig@s.s@1@s.s@Football@s.s@416526@s.s@RB Leipzig
238@s.s@Real Madrid@s.s@1@s.s@Football@s.s@416535@s.s@Real Madrid
5607@s.s@Racing Avellaneda@s.s@1@s.s@Football@s.s@431334@s.s@Racing Club
14127@s.s@Hatayspor@s.s@1@s.s@Football@s.s@430718@s.s@Hatayspor
5601@s.s@Boca Juniors@s.s@1@s.s@Football@s.s@431818@s.s@Boca Juniors
5613@s.s@Defensa y Justicia@s.s@1@s.s@Football@s.s@431241@s.s@Defensa y Justicia
5617@s.s@Central Córdoba@s.s@1@s.s@Football@s.s@431819@s.s@Central Cordoba Sde
111@s.s@Besiktas@s.s@1@s.s@Football@s.s@416587@s.s@Besiktas
984@s.s@Bolivia@s.s@1@s.s@Football@s.s@416520@s.s@Bolivia
5651@s.s@Boston United@s.s@1@s.s@Football@s.s@416572@s.s@Boston United
5656@s.s@Bromley FC@s.s@1@s.s@Football@s.s@416561@s.s@Bromley
985@s.s@Brazil@s.s@1@s.s@Football@s.s@416514@s.s@Brazil
979@s.s@Bulgaria@s.s@1@s.s@Football@s.s@416484@s.s@Bulgaria
4722@s.s@Matt Wallace@s.s@10@s.s@Golf@s.s@417738@s.s@Wallace, Matt
4713@s.s@Bernd Wiesberger@s.s@10@s.s@Golf@s.s@417788@s.s@Wiesberger, Bernd
4719@s.s@Danny Willett@s.s@10@s.s@Golf@s.s@417722@s.s@Willett, Daniel
4741@s.s@Andrew Putnam@s.s@10@s.s@Golf@s.s@417766@s.s@Putnam, Andrew
4737@s.s@Brandt Snedeker@s.s@10@s.s@Golf@s.s@417694@s.s@Snedeker, Brandt
4820@s.s@Andy Sullivan@s.s@10@s.s@Golf@s.s@417793@s.s@Sullivan, Andy
4715@s.s@Matthew Fitzpatrick@s.s@10@s.s@Golf@s.s@417752@s.s@Fitzpatrick, Matthew
4793@s.s@J.B. Holmes@s.s@10@s.s@Golf@s.s@417708@s.s@Holmes, J.b.
12803@s.s@MT Melsungen@s.s@38@s.s@Handball@s.s@417804@s.s@MT Melsungen
7210@s.s@ASM Clermont Auvergne@s.s@4@s.s@Rugby Union@s.s@417985@s.s@ASM Clermont Auvergne
1603@s.s@Ireland@s.s@4@s.s@Rugby Union@s.s@418006@s.s@Ireland
1617@s.s@Leicester Tigers@s.s@4@s.s@Rugby Union@s.s@417954@s.s@Leicester Tigers
1604@s.s@Italy@s.s@4@s.s@Rugby Union@s.s@418000@s.s@Italy
5614@s.s@Independiente@s.s@1@s.s@Football@s.s@432327@s.s@CA Independiente
11124@s.s@CHEAIB Dauud@s.s@39@s.s@Table Tennis@s.s@418140@s.s@Cheaib, Dauud
11337@s.s@BLUHM Florian@s.s@39@s.s@Table Tennis@s.s@432469@s.s@Bluhm, Florian
2917@s.s@Sofia Kenin@s.s@6@s.s@Tennis@s.s@418198@s.s@Sofia Kenin
459@s.s@Stefanos Tsitsipas@s.s@6@s.s@Tennis@s.s@418145@s.s@Stefanos Tsitsipas
1701@s.s@Marco Cecchinato@s.s@6@s.s@Tennis@s.s@418248@s.s@Marco Cecchinato
479@s.s@Cameron Norrie@s.s@6@s.s@Tennis@s.s@418233@s.s@Cameron Norrie
16042@s.s@Taiwan Beer@s.s@2@s.s@Basketball@s.s@437281@s.s@Taiwan Beer
16043@s.s@Yulon Luxgen Dinos@s.s@2@s.s@Basketball@s.s@437326@s.s@Yulon Luxgen Dinos
16045@s.s@Pauian Archiland@s.s@2@s.s@Basketball@s.s@437327@s.s@Pauian Archiland
16046@s.s@Jeoutai Technology Basketball Team@s.s@2@s.s@Basketball@s.s@437282@s.s@Jeoutai Technology Basketball Team
14258@s.s@Tanjong Pagar@s.s@1@s.s@Football@s.s@435578@s.s@Tanjong
16044@s.s@Bank of Taiwan@s.s@2@s.s@Basketball@s.s@454644@s.s@Bank OF Taiwan
1141@s.s@Turkey@s.s@1@s.s@Football@s.s@416483@s.s@Turkey
995@s.s@Switzerland@s.s@1@s.s@Football@s.s@416472@s.s@Switzerland
1146@s.s@Ukraine@s.s@1@s.s@Football@s.s@416473@s.s@Ukraine
1149@s.s@Uruguay@s.s@1@s.s@Football@s.s@416523@s.s@Uruguay
10610@s.s@Wales@s.s@1@s.s@Football@s.s@416487@s.s@Wales
1113@s.s@Russia@s.s@1@s.s@Football@s.s@416480@s.s@Russia
1111@s.s@Romania@s.s@1@s.s@Football@s.s@416476@s.s@Romania
1124@s.s@San Marino@s.s@1@s.s@Football@s.s@416501@s.s@San Marino
10609@s.s@Scotland@s.s@1@s.s@Football@s.s@416479@s.s@Scotland
1112@s.s@Serbia@s.s@1@s.s@Football@s.s@416481@s.s@Serbia
1122@s.s@Slovakia@s.s@1@s.s@Football@s.s@416503@s.s@Slovakia
1121@s.s@Slovenia@s.s@1@s.s@Football@s.s@416491@s.s@Slovenia
1018@s.s@Spain@s.s@1@s.s@Football@s.s@416471@s.s@Spain
10613@s.s@Northern Ireland@s.s@1@s.s@Football@s.s@416477@s.s@Northern Ireland
77@s.s@PSG@s.s@1@s.s@Football@s.s@416532@s.s@Paris SG
1068@s.s@Lithuania@s.s@1@s.s@Football@s.s@416495@s.s@Lithuania
88@s.s@Olympique Lyonnais@s.s@1@s.s@Football@s.s@416524@s.s@Lyon
1069@s.s@Luxembourg@s.s@1@s.s@Football@s.s@416505@s.s@Luxembourg
1082@s.s@Malta@s.s@1@s.s@Football@s.s@416496@s.s@Malta
34@s.s@Manchester City@s.s@1@s.s@Football@s.s@416534@s.s@Manchester City
1073@s.s@Moldova@s.s@1@s.s@Football@s.s@416488@s.s@Moldova
1074@s.s@Montenegro@s.s@1@s.s@Football@s.s@416507@s.s@Montenegro
190@s.s@Napoli@s.s@1@s.s@Football@s.s@416527@s.s@Napoli
1093@s.s@Netherlands@s.s@1@s.s@Football@s.s@416460@s.s@Netherlands
163@s.s@B. MGladbach@s.s@1@s.s@Football@s.s@416538@s.s@Monchengladbach
184@s.s@Juventus@s.s@1@s.s@Football@s.s@416530@s.s@Juventus
1042@s.s@Israel@s.s@1@s.s@Football@s.s@416478@s.s@Israel
1047@s.s@Italy@s.s@1@s.s@Football@s.s@416458@s.s@Italy
1060@s.s@Kazakhstan@s.s@1@s.s@Football@s.s@416494@s.s@Kazakhstan
1070@s.s@Latvia@s.s@1@s.s@Football@s.s@416499@s.s@Latvia
167@s.s@Leverkusen@s.s@1@s.s@Football@s.s@416536@s.s@Leverkusen
1046@s.s@Iceland@s.s@1@s.s@Football@s.s@416462@s.s@Iceland
1032@s.s@Greece@s.s@1@s.s@Football@s.s@416490@s.s@Greece
1041@s.s@Ireland@s.s@1@s.s@Football@s.s@416485@s.s@Ireland
1173@s.s@Faroe Islands@s.s@1@s.s@Football@s.s@416497@s.s@Faroe Islands
1023@s.s@France@s.s@1@s.s@Football@s.s@416468@s.s@France
1176@s.s@Gibraltar@s.s@1@s.s@Football@s.s@416500@s.s@Gibraltar
1039@s.s@Hungary@s.s@1@s.s@Football@s.s@416482@s.s@Hungary
1020@s.s@Finland@s.s@1@s.s@Football@s.s@416486@s.s@Finland
1027@s.s@Georgia@s.s@1@s.s@Football@s.s@416511@s.s@Georgia
1007@s.s@Germany@s.s@1@s.s@Football@s.s@416470@s.s@Germany
165@s.s@B. Dortmund@s.s@1@s.s@Football@s.s@416537@s.s@Dortmund
1009@s.s@Denmark@s.s@1@s.s@Football@s.s@416465@s.s@Denmark
129@s.s@Eintracht Frankfurt@s.s@1@s.s@Football@s.s@416539@s.s@Eintracht Frankfurt
1013@s.s@Ecuador@s.s@1@s.s@Football@s.s@416515@s.s@Ecuador
10612@s.s@England@s.s@1@s.s@Football@s.s@416463@s.s@England
1014@s.s@Estonia@s.s@1@s.s@Football@s.s@416510@s.s@Estonia
164@s.s@Bayern@s.s@1@s.s@Football@s.s@416542@s.s@FC Bayern Munich
998@s.s@Chile@s.s@1@s.s@Football@s.s@416519@s.s@Chile
10@s.s@Chelsea@s.s@1@s.s@Football@s.s@416528@s.s@Chelsea
1037@s.s@Croatia@s.s@1@s.s@Football@s.s@416466@s.s@Croatia
1005@s.s@Cyprus@s.s@1@s.s@Football@s.s@416506@s.s@Cyprus
1001@s.s@Colombia@s.s@1@s.s@Football@s.s@416516@s.s@Colombia
1006@s.s@Czech Republic@s.s@1@s.s@Football@s.s@416502@s.s@Czech Republic
972@s.s@Australia@s.s@1@s.s@Football@s.s@416522@s.s@Australia
237@s.s@FC Barcelona@s.s@1@s.s@Football@s.s@416533@s.s@Barcelona
107@s.s@Austria Wien@s.s@1@s.s@Football@s.s@416474@s.s@Austria
977@s.s@Belgium@s.s@1@s.s@Football@s.s@416464@s.s@Belgium
973@s.s@Azerbaijan@s.s@1@s.s@Football@s.s@416504@s.s@Azerbaijan
167@s.s@Leverkusen@s.s@1@s.s@Football@s.s@416540@s.s@Bayer 04 Leverkusen
164@s.s@Bayern@s.s@1@s.s@Football@s.s@416531@s.s@Bayern Munich
279@s.s@Atlético de Madrid@s.s@1@s.s@Football@s.s@416529@s.s@Atletico Madrid
187@s.s@Atalanta@s.s@1@s.s@Football@s.s@416525@s.s@Atalanta
989@s.s@Belarus@s.s@1@s.s@Football@s.s@416493@s.s@Belarus
974@s.s@Bosnia and Herzegovina@s.s@1@s.s@Football@s.s@416459@s.s@Bosnia & Herzegovina
967@s.s@Albania@s.s@1@s.s@Football@s.s@416492@s.s@Albania
329@s.s@Andorra@s.s@1@s.s@Football@s.s@416498@s.s@Andorra
970@s.s@Argentina@s.s@1@s.s@Football@s.s@416518@s.s@Argentina
3@s.s@Ararat-Armenia@s.s@1@s.s@Football@s.s@416508@s.s@Armenia
14144@s.s@Eskişehirspor@s.s@1@s.s@Football@s.s@416606@s.s@Eskisehirspor
428@s.s@Yeni Malatyaspor@s.s@1@s.s@Football@s.s@416595@s.s@Yeni Malatyaspor
5739@s.s@Yeovil Town@s.s@1@s.s@Football@s.s@416563@s.s@Yeovil
125@s.s@CSKA Moscow@s.s@1@s.s@Football@s.s@416612@s.s@ZSKA Moscow
62@s.s@Zenit@s.s@1@s.s@Football@s.s@416609@s.s@Zenit St Petersburg
423@s.s@Trabzonspor@s.s@1@s.s@Football@s.s@416596@s.s@Trabzonspor
5460@s.s@Rubin Kazan@s.s@1@s.s@Football@s.s@416619@s.s@Rubin Kazan
66@s.s@Sheffield United@s.s@1@s.s@Football@s.s@416546@s.s@Sheffield United
5363@s.s@Sivasspor@s.s@1@s.s@Football@s.s@416590@s.s@Sivasspor
5457@s.s@Spartak Moscow@s.s@1@s.s@Football@s.s@416611@s.s@Spartak Moscow
5723@s.s@Solihull Moors@s.s@1@s.s@Football@s.s@416557@s.s@Solihull Moors FC
5706@s.s@Notts County@s.s@1@s.s@Football@s.s@416553@s.s@Notts County
5463@s.s@Sochi@s.s@1@s.s@Football@s.s@416607@s.s@PFC Sotchi
5695@s.s@Maidstone United@s.s@1@s.s@Football@s.s@416579@s.s@Maidstone United
5694@s.s@Maidenhead United@s.s@1@s.s@Football@s.s@416568@s.s@Maidenhead
64@s.s@Manchester United@s.s@1@s.s@Football@s.s@416545@s.s@Manchester United
5375@s.s@Kayserispor@s.s@1@s.s@Football@s.s@416602@s.s@Kayserispor
5372@s.s@Konyaspor@s.s@1@s.s@Football@s.s@416592@s.s@Konyaspor
63@s.s@Leicester City@s.s@1@s.s@Football@s.s@416547@s.s@Leicester City
22@s.s@Galatasaray@s.s@1@s.s@Football@s.s@416591@s.s@Galatasaray
5684@s.s@Hartlepool United@s.s@1@s.s@Football@s.s@416559@s.s@Hartlepool United
5680@s.s@Gateshead FC@s.s@1@s.s@Football@s.s@416573@s.s@Gateshead FC
31@s.s@Lokomotiv@s.s@1@s.s@Football@s.s@416613@s.s@FC Lokomotiv Moscow
5454@s.s@Ufa@s.s@1@s.s@Football@s.s@416615@s.s@FC UFA
5461@s.s@Orenburg@s.s@1@s.s@Football@s.s@416614@s.s@FK Gazovik Orenburg
26@s.s@Krasnodar@s.s@1@s.s@Football@s.s@416618@s.s@FK Krasnodar
5453@s.s@Rostov@s.s@1@s.s@Football@s.s@416608@s.s@FK Rostov
5458@s.s@Tambov@s.s@1@s.s@Football@s.s@416622@s.s@FK Tambov
5364@s.s@Fenerbahçe@s.s@1@s.s@Football@s.s@416601@s.s@Fenerbahce
5366@s.s@Gaziantep BB@s.s@1@s.s@Football@s.s@416598@s.s@Gaziantep Bld Spor
5675@s.s@Eastleigh FC@s.s@1@s.s@Football@s.s@416564@s.s@Eastleigh
5673@s.s@Dover Athletic@s.s@1@s.s@Football@s.s@416556@s.s@Dover Athletic
5368@s.s@Denizlispor@s.s@1@s.s@Football@s.s@416589@s.s@Denizlispor
5676@s.s@Ebbsfleet United@s.s@1@s.s@Football@s.s@416560@s.s@Ebbsfleet
5459@s.s@Akhmat Grozny@s.s@1@s.s@Football@s.s@416621@s.s@FC Akhmat Grozny
5666@s.s@Chorley FC@s.s@1@s.s@Football@s.s@416562@s.s@Chorley
5369@s.s@Rizespor@s.s@1@s.s@Football@s.s@416586@s.s@Caykur Rizespor
5647@s.s@Billericay Town@s.s@1@s.s@Football@s.s@416580@s.s@Billericay
5642@s.s@AFC Fylde@s.s@1@s.s@Football@s.s@416551@s.s@AFC Fylde
5645@s.s@Barnet FC@s.s@1@s.s@Football@s.s@416549@s.s@Barnet
5365@s.s@Alanyaspor@s.s@1@s.s@Football@s.s@416600@s.s@Alanyaspor
14133@s.s@Adana Demirspor@s.s@1@s.s@Football@s.s@416605@s.s@Adana Demirspor
5374@s.s@Ankaragücü@s.s@1@s.s@Football@s.s@416597@s.s@Ankaragücü
5373@s.s@Antalyaspor@s.s@1@s.s@Football@s.s@416588@s.s@Antalyaspor
68@s.s@Arsenal@s.s@1@s.s@Football@s.s@416548@s.s@Arsenal
105@s.s@Arsenal Tula@s.s@1@s.s@Football@s.s@416616@s.s@Arsenal Tula
19@s.s@İstanbul Başakşehir@s.s@1@s.s@Football@s.s@416599@s.s@Istanbul Basaksehir
5367@s.s@Göztepe@s.s@1@s.s@Football@s.s@416585@s.s@Göztepe AS
5370@s.s@Gençlerbirliği@s.s@1@s.s@Football@s.s@416593@s.s@Genclerbirligi
5598@s.s@Viking@s.s@1@s.s@Football@s.s@416690@s.s@Viking FK
43@s.s@Rosenborg@s.s@1@s.s@Football@s.s@416691@s.s@Rosenborg BK
359@s.s@Brann@s.s@1@s.s@Football@s.s@416692@s.s@SK Brann
5593@s.s@Sandefjord@s.s@1@s.s@Football@s.s@416695@s.s@Sandefjord Fotball
14068@s.s@Shinnik Yaroslavl@s.s@1@s.s@Football@s.s@416629@s.s@Shinnik Jaroslavl
388@s.s@Malmö FF@s.s@1@s.s@Football@s.s@416657@s.s@Malmo FF
390@s.s@Molde@s.s@1@s.s@Football@s.s@416687@s.s@Molde FK
5590@s.s@Kristiansund@s.s@1@s.s@Football@s.s@416678@s.s@Kristiansund BK
412@s.s@Braga@s.s@1@s.s@Football@s.s@416669@s.s@IK Brage
7477@s.s@Bodø/Glimt@s.s@1@s.s@Football@s.s@416684@s.s@Glimt
5596@s.s@Start@s.s@1@s.s@Football@s.s@416689@s.s@IK Start
143@s.s@Haugesund@s.s@1@s.s@Football@s.s@416680@s.s@FK Haugesund
14067@s.s@Khimki@s.s@1@s.s@Football@s.s@416630@s.s@FK Khimki
1@s.s@AIK@s.s@1@s.s@Football@s.s@416656@s.s@AIK
5588@s.s@Aalesund@s.s@1@s.s@Football@s.s@416694@s.s@Aalesunds FK
5442@s.s@Sydney@s.s@1@s.s@Football@s.s@416752@s.s@Western Sydney
5443@s.s@Melbourne City@s.s@1@s.s@Football@s.s@416750@s.s@Melbourne City FC
431@s.s@Zorya Luhansk@s.s@1@s.s@Football@s.s@416723@s.s@Zorya Lugansk
48@s.s@Shakhtar Donetsk@s.s@1@s.s@Football@s.s@416720@s.s@Shakhtar Donetsk
5450@s.s@Brisbane Roar@s.s@1@s.s@Football@s.s@416756@s.s@Brisbane Roar
5452@s.s@Newcastle Jets@s.s@1@s.s@Football@s.s@416755@s.s@Newcastle Jets
5445@s.s@Wellington Phoenix@s.s@1@s.s@Football@s.s@416754@s.s@Wellington
5448@s.s@Melbourne Victory@s.s@1@s.s@Football@s.s@416757@s.s@Melbourne Victory
5521@s.s@Slavia Mozyr@s.s@1@s.s@Football@s.s@416740@s.s@Slavia Mozyr
156@s.s@Oleksandria@s.s@1@s.s@Football@s.s@416724@s.s@Oleksandria
5523@s.s@Neman Grodno@s.s@1@s.s@Football@s.s@416742@s.s@Neman Grodno
5518@s.s@Isloch@s.s@1@s.s@Football@s.s@416743@s.s@Isloch
135@s.s@Mariupol @s.s@1@s.s@Football@s.s@416730@s.s@Illichivec Mariupol
25@s.s@HJK Helsinki@s.s@1@s.s@Football@s.s@416711@s.s@HJK Helsinki
128@s.s@Dinamo Minsk@s.s@1@s.s@Football@s.s@416746@s.s@FC Dinamo Minsk
5522@s.s@Minsk@s.s@1@s.s@Football@s.s@416739@s.s@FC Minsk
5524@s.s@Slutsk@s.s@1@s.s@Football@s.s@416741@s.s@FC Slutsk
20@s.s@Ferencváros@s.s@1@s.s@Football@s.s@416735@s.s@Ferencvarosi TC
127@s.s@Debreceni@s.s@1@s.s@Football@s.s@416733@s.s@Debreceni VSC
15@s.s@Dynamo Kyiv@s.s@1@s.s@Football@s.s@416719@s.s@Dynamo Kiev
6157@s.s@Almagro@s.s@1@s.s@Football@s.s@416781@s.s@Club Almagro
5606@s.s@Rosario Central@s.s@1@s.s@Football@s.s@416771@s.s@Club Atletico Rosario Central
116@s.s@Budapest Honvéd@s.s@1@s.s@Football@s.s@416734@s.s@Budapest Honved FC
5600@s.s@Argentinos Juniors@s.s@1@s.s@Football@s.s@416773@s.s@Argentinos Juniors
14262@s.s@Ruh Brest@s.s@1@s.s@Football@s.s@416747@s.s@FC Ruh Brest
5519@s.s@Torpedo Zhodino@s.s@1@s.s@Football@s.s@416749@s.s@Torpedo Belaz Zhodino
5520@s.s@Gorodeya@s.s@1@s.s@Football@s.s@416745@s.s@FC Gorodeya
14261@s.s@Belshina@s.s@1@s.s@Football@s.s@416738@s.s@Belshina Bobruisk
407@s.s@Shakhtyor Soligorsk@s.s@1@s.s@Football@s.s@416748@s.s@Shakhter Soligorsk
5761@s.s@Yokohama F. Marinos@s.s@1@s.s@Football@s.s@416833@s.s@Yokohama F Marinos
6280@s.s@Guaraní@s.s@1@s.s@Football@s.s@416797@s.s@Guarani
14093@s.s@Madureira@s.s@1@s.s@Football@s.s@416795@s.s@Madureira
5396@s.s@Yokohama@s.s@1@s.s@Football@s.s@416827@s.s@Yokohama FC
5406@s.s@Vegalta Sendai@s.s@1@s.s@Football@s.s@416828@s.s@Vegalta Sendai
5403@s.s@Vissel Kobe@s.s@1@s.s@Football@s.s@416829@s.s@Vissel Kobe
1115@s.s@Saudi Arabia@s.s@1@s.s@Football@s.s@416862@s.s@Saudi Arabia
5410@s.s@Sagan Tosu@s.s@1@s.s@Football@s.s@416826@s.s@Sagan Tosu
1125@s.s@Senegal@s.s@1@s.s@Football@s.s@416858@s.s@Senegal
5407@s.s@Shimizu S-Pulse@s.s@1@s.s@Football@s.s@416834@s.s@Shimizu S-Pulse
5411@s.s@Shonan Bellmare@s.s@1@s.s@Football@s.s@416830@s.s@Shonan Bellmare
1091@s.s@Nigeria@s.s@1@s.s@Football@s.s@416860@s.s@Nigeria
1077@s.s@Macedonia@s.s@1@s.s@Football@s.s@416856@s.s@Rep. of North Macedonia
5568@s.s@Millonarios@s.s@1@s.s@Football@s.s@416806@s.s@Millonarios
1072@s.s@Morocco@s.s@1@s.s@Football@s.s@416865@s.s@Morocco
5408@s.s@Nagoya Grampus@s.s@1@s.s@Football@s.s@416837@s.s@Nagoya Grampus
5566@s.s@Junior@s.s@1@s.s@Football@s.s@416810@s.s@Junior
1050@s.s@Japan@s.s@1@s.s@Football@s.s@416859@s.s@Japan
5398@s.s@Kashima Antlers@s.s@1@s.s@Football@s.s@416840@s.s@Kashima Antlers
5399@s.s@Kawasaki Frontale@s.s@1@s.s@Football@s.s@416831@s.s@Kawasaki Frontale
5567@s.s@La Equidad@s.s@1@s.s@Football@s.s@416808@s.s@La Equidad
5565@s.s@Jaguares de Córdoba@s.s@1@s.s@Football@s.s@416809@s.s@Jaguares d. Cordoba
5564@s.s@Independiente Medellin@s.s@1@s.s@Football@s.s@416822@s.s@Ind. Medellin
5402@s.s@Gamba Osaka@s.s@1@s.s@Football@s.s@416839@s.s@Gamba Osaka
1045@s.s@Iran@s.s@1@s.s@Football@s.s@416861@s.s@Iran
5397@s.s@Tokyo@s.s@1@s.s@Football@s.s@416843@s.s@FC Tokyo
5559@s.s@Deportes Tolima@s.s@1@s.s@Football@s.s@416824@s.s@Deportes Tolima
5560@s.s@Deportivo Cali@s.s@1@s.s@Football@s.s@416807@s.s@Deportivo Cali
5562@s.s@Deportivo Pereira@s.s@1@s.s@Football@s.s@416821@s.s@Deportes Pereira
5400@s.s@Cerezo Osaka@s.s@1@s.s@Football@s.s@416838@s.s@Cerezo Osaka
5427@s.s@Atlas@s.s@1@s.s@Football@s.s@416788@s.s@CA Atlas
5553@s.s@Alianza Petrolera@s.s@1@s.s@Football@s.s@416814@s.s@Alianza Petrolera
5555@s.s@Atlético Bucaramanga@s.s@1@s.s@Football@s.s@416812@s.s@Atletico Bucaramanga
5556@s.s@Atlético Nacional@s.s@1@s.s@Football@s.s@416819@s.s@Atletico Nacional
974@s.s@Bosnia and Herzegovina@s.s@1@s.s@Football@s.s@416857@s.s@Bosnia and Herzegovina
7988@s.s@Dallas Cowboys@s.s@11@s.s@American Football@s.s@417324@s.s@Dallas Cowboys
7980@s.s@Houston Texans@s.s@11@s.s@American Football@s.s@417330@s.s@Houston Texans
7981@s.s@Indianapolis Colts@s.s@11@s.s@American Football@s.s@417317@s.s@Indianapolis Colts
7993@s.s@Detroit Lions@s.s@11@s.s@American Football@s.s@417307@s.s@Detroit Lions
7982@s.s@Jacksonville Jaguars@s.s@11@s.s@American Football@s.s@417311@s.s@Jacksonville Jaguars
8001@s.s@Los Angeles Rams@s.s@11@s.s@American Football@s.s@417322@s.s@Los Angeles Rams
7985@s.s@Kansas City Chiefs@s.s@11@s.s@American Football@s.s@417306@s.s@Kansas City Chiefs
7986@s.s@Las Vegas Raiders@s.s@11@s.s@American Football@s.s@417325@s.s@Las Vegas Raiders
1139@s.s@Tunisia@s.s@1@s.s@Football@s.s@416867@s.s@Tunisia
7987@s.s@Los Angeles Chargers@s.s@11@s.s@American Football@s.s@417333@s.s@Los Angeles Chargers
1158@s.s@South Africa@s.s@1@s.s@Football@s.s@416877@s.s@South Africa
7973@s.s@Miami Dolphins@s.s@11@s.s@American Football@s.s@417323@s.s@Miami Dolphins
7995@s.s@Minnesota Vikings@s.s@11@s.s@American Football@s.s@417314@s.s@Minnesota Vikings
7990@s.s@Philadelphia Eagles@s.s@11@s.s@American Football@s.s@417310@s.s@Philadelphia Eagles
7979@s.s@Pittsburgh Steelers@s.s@11@s.s@American Football@s.s@417328@s.s@Pittsburgh Steelers
8002@s.s@San Francisco 49ers@s.s@11@s.s@American Football@s.s@417305@s.s@San Francisco 49ers
8003@s.s@Seattle Seahawks@s.s@11@s.s@American Football@s.s@417304@s.s@Seattle Seahawks
7991@s.s@Washington Redskins@s.s@11@s.s@American Football@s.s@417315@s.s@Washington Redskins
7978@s.s@Cleveland Browns@s.s@11@s.s@American Football@s.s@417331@s.s@Cleveland Browns
7974@s.s@New England Patriots@s.s@11@s.s@American Football@s.s@417303@s.s@New England Patriots
7998@s.s@New Orleans Saints@s.s@11@s.s@American Football@s.s@417313@s.s@New Orleans Saints
7989@s.s@New York Giants@s.s@11@s.s@American Football@s.s@417316@s.s@New York Giants
7975@s.s@New York Jets@s.s@11@s.s@American Football@s.s@417309@s.s@New York Jets
7999@s.s@Tampa Bay Buccaneers@s.s@11@s.s@American Football@s.s@417319@s.s@Tampa Bay Buccaneers
7983@s.s@Tennessee Titans@s.s@11@s.s@American Football@s.s@417321@s.s@Tennessee Titans
8000@s.s@Arizona Cardinals@s.s@11@s.s@American Football@s.s@417332@s.s@Arizona Cardinals
7994@s.s@Green Bay Packers@s.s@11@s.s@American Football@s.s@417312@s.s@Green Bay Packers
1148@s.s@United States of America@s.s@1@s.s@Football@s.s@416878@s.s@USA
1098@s.s@New Zealand@s.s@1@s.s@Football@s.s@416872@s.s@New Zealand
1086@s.s@Mexico@s.s@1@s.s@Football@s.s@416879@s.s@Mexico
1036@s.s@Honduras@s.s@1@s.s@Football@s.s@416870@s.s@Honduras
1015@s.s@Egypt@s.s@1@s.s@Football@s.s@416866@s.s@Egypt
1028@s.s@Ghana@s.s@1@s.s@Football@s.s@416873@s.s@Ghana
999@s.s@Cameroon@s.s@1@s.s@Football@s.s@416874@s.s@Cameroon
1000@s.s@China@s.s@1@s.s@Football@s.s@416871@s.s@China
991@s.s@Canada@s.s@1@s.s@Football@s.s@416869@s.s@Canada
1002@s.s@Costa Rica@s.s@1@s.s@Football@s.s@416868@s.s@Costa Rica
996@s.s@Ivory Coast@s.s@1@s.s@Football@s.s@416876@s.s@Côte d`Ivoire
1012@s.s@Algeria@s.s@1@s.s@Football@s.s@416875@s.s@Algeria
1480@s.s@Bandirma@s.s@2@s.s@Basketball@s.s@417571@s.s@Bandirma Bik
1483@s.s@Besiktas@s.s@2@s.s@Basketball@s.s@417574@s.s@Besiktas JK
1516@s.s@Turk Telekom @s.s@2@s.s@Basketball@s.s@417573@s.s@Turk Telekom
1536@s.s@Tofas Bursa@s.s@2@s.s@Basketball@s.s@417572@s.s@Tofas Bursa
14155@s.s@Afyon Belediye@s.s@2@s.s@Basketball@s.s@417569@s.s@Afyon Belediyespor
14156@s.s@Bahcesehir Kol.@s.s@2@s.s@Basketball@s.s@417566@s.s@Bahcesehir Koleji
1491@s.s@Gaziantep@s.s@2@s.s@Basketball@s.s@417570@s.s@Gaziantep Basketbol
14159@s.s@Sydney Kings@s.s@2@s.s@Basketball@s.s@417581@s.s@Sydney Kings
1526@s.s@Galatasaray Istanbul@s.s@2@s.s@Basketball@s.s@417576@s.s@Galatasaray SK
14153@s.s@Bursaspor@s.s@2@s.s@Basketball@s.s@417568@s.s@Bursaspor
1523@s.s@Darussafaka Istanbul@s.s@2@s.s@Basketball@s.s@417578@s.s@Darussafaka
14154@s.s@OGM Ormanspor@s.s@2@s.s@Basketball@s.s@417579@s.s@OGM Ormanspor
1540@s.s@Anadolu Efes Istanbul@s.s@2@s.s@Basketball@s.s@417567@s.s@Anadolu Efes SK
8789@s.s@Anthony Joshua@s.s@7@s.s@Boxing@s.s@417604@s.s@Anthony Joshua
8830@s.s@David Avanesyan@s.s@7@s.s@Boxing@s.s@417598@s.s@Avanesyan, David
8804@s.s@Mairis Briedis@s.s@7@s.s@Boxing@s.s@417600@s.s@Briedis, Maris
8857@s.s@Luke Campbell@s.s@7@s.s@Boxing@s.s@417608@s.s@Campbell, Luke
6769@s.s@FORMOLO Davide@s.s@9@s.s@Cycling@s.s@417638@s.s@Formolo, Davide
8841@s.s@John Riel Casimero@s.s@7@s.s@Boxing@s.s@417595@s.s@Casimero, Johnriel
8889@s.s@Yuniel Dorticos@s.s@7@s.s@Boxing@s.s@417599@s.s@Dorticos, Yunier
9202@s.s@Daniel Dubois@s.s@7@s.s@Boxing@s.s@417602@s.s@Dubois, Daniel
8883@s.s@Javier Fortuna@s.s@7@s.s@Boxing@s.s@417607@s.s@Fortuna, Javier
8810@s.s@Tyson Fury@s.s@7@s.s@Boxing@s.s@417606@s.s@Fury, Tyson
8856@s.s@Maurice Hooker@s.s@7@s.s@Boxing@s.s@417609@s.s@Hooker, Maurice
8846@s.s@Jeff Horn@s.s@7@s.s@Boxing@s.s@417591@s.s@Horn, Jeffrey
8795@s.s@Naoya Inoue@s.s@7@s.s@Boxing@s.s@417596@s.s@Inoue, Naoya
9044@s.s@Joe Joyce@s.s@7@s.s@Boxing@s.s@417601@s.s@Joyce, Joseph
8949@s.s@Josh Kelly@s.s@7@s.s@Boxing@s.s@417597@s.s@Kelly, Joshua
8849@s.s@Alexander Povetkin@s.s@7@s.s@Boxing@s.s@417593@s.s@Povetkin, Alexander
8819@s.s@Regis Prograis@s.s@7@s.s@Boxing@s.s@417610@s.s@Prograis, Regis
8858@s.s@Kubrat Pulev@s.s@7@s.s@Boxing@s.s@417603@s.s@Pulev, Kubrat
9024@s.s@Tim Tszyu@s.s@7@s.s@Boxing@s.s@417592@s.s@Tszyu, Tim
9306@s.s@Miguel Vazquez@s.s@7@s.s@Boxing@s.s@417590@s.s@Vazquez, Miguel
8840@s.s@Dillian Whyte@s.s@7@s.s@Boxing@s.s@417594@s.s@Whyte, Dillian
8931@s.s@Anthony Yarde@s.s@7@s.s@Boxing@s.s@417587@s.s@Yarde, Anthony
6793@s.s@YATES Simon@s.s@9@s.s@Cycling@s.s@417643@s.s@Yates, Simon
6710@s.s@YATES Adam@s.s@9@s.s@Cycling@s.s@417642@s.s@Yates, Adam
6715@s.s@WOODS Michael@s.s@9@s.s@Cycling@s.s@417628@s.s@Woods, Michael
6823@s.s@VAN GARDEREN Tejay@s.s@9@s.s@Cycling@s.s@417672@s.s@Van Garderen, Tejay
6704@s.s@VAN DER POEL Mathieu@s.s@9@s.s@Cycling@s.s@417675@s.s@Van Der Poel, Mathieu
6729@s.s@VAN AERT Wout@s.s@9@s.s@Cycling@s.s@417689@s.s@Van Aert, Wout
6697@s.s@VALVERDE Alejandro@s.s@9@s.s@Cycling@s.s@417673@s.s@Valverde, Alejandro
6841@s.s@URÁN Rigoberto@s.s@9@s.s@Cycling@s.s@417652@s.s@Uran, Rigoberto
6801@s.s@SOSA Iván Ramiro@s.s@9@s.s@Cycling@s.s@417683@s.s@Sosa, Ivan Ramiro
6935@s.s@SOLER Marc@s.s@9@s.s@Cycling@s.s@417615@s.s@Soler Gimenez, Marc
6751@s.s@SIVAKOV Pavel@s.s@9@s.s@Cycling@s.s@417685@s.s@Sivakov, Pavel
6717@s.s@SCHACHMANN Maximilian@s.s@9@s.s@Cycling@s.s@417613@s.s@Schachmann, Maximilian
6702@s.s@SAGAN Peter@s.s@9@s.s@Cycling@s.s@417670@s.s@Sagan, Peter
6693@s.s@ROGLIČ Primož@s.s@9@s.s@Cycling@s.s@417626@s.s@Roglic, Primoz
6713@s.s@QUINTANA Nairo@s.s@9@s.s@Cycling@s.s@417668@s.s@Quintana, Nairo
6849@s.s@POZZOVIVO Domenico@s.s@9@s.s@Cycling@s.s@417654@s.s@Pozzovivo, Domenico
6707@s.s@POGAČAR Tadej@s.s@9@s.s@Cycling@s.s@417678@s.s@Pogacar, Tadej
6740@s.s@POELS Wout@s.s@9@s.s@Cycling@s.s@417662@s.s@Poels, Wouter
6747@s.s@PINOT Thibaut@s.s@9@s.s@Cycling@s.s@417666@s.s@Pinot, Thibaut
6870@s.s@NIEVE Mikel@s.s@9@s.s@Cycling@s.s@417664@s.s@Nieve Ituralde, Mikel
6724@s.s@NIBALI Vincenzo@s.s@9@s.s@Cycling@s.s@417655@s.s@Nibali, Vincenzo
6703@s.s@MOLLEMA Bauke@s.s@9@s.s@Cycling@s.s@417667@s.s@Mollema, Bauke
6812@s.s@MASNADA Fausto@s.s@9@s.s@Cycling@s.s@417620@s.s@Masnada, Fausto
6797@s.s@MARTÍNEZ Daniel Felipe@s.s@9@s.s@Cycling@s.s@417686@s.s@Martinez, Daniel Felipe
6737@s.s@MARTIN Guillaume@s.s@9@s.s@Cycling@s.s@417622@s.s@Martin, Guillaume
6778@s.s@MARTIN Dan@s.s@9@s.s@Cycling@s.s@417663@s.s@Martin, Daniel
6745@s.s@MAJKA Rafał@s.s@9@s.s@Cycling@s.s@417653@s.s@Majka, Rafal
6806@s.s@MADOUAS Valentin@s.s@9@s.s@Cycling@s.s@417681@s.s@Madouas, Valentin
6757@s.s@MAS Enric@s.s@9@s.s@Cycling@s.s@417616@s.s@MAS Nicolau, Enric
6714@s.s@LUTSENKO Alexey@s.s@9@s.s@Cycling@s.s@417634@s.s@Lutsenko, Alexey
6721@s.s@LÓPEZ Miguel Ángel@s.s@9@s.s@Cycling@s.s@417630@s.s@Lopez Moreno, Miguel Angel
6889@s.s@LATOUR Pierre@s.s@9@s.s@Cycling@s.s@417625@s.s@Latour, Pierre-Roger
6726@s.s@LANDA Mikel@s.s@9@s.s@Cycling@s.s@417649@s.s@Landa Meana, Mikel
6764@s.s@KWIATKOWSKI Michał@s.s@9@s.s@Cycling@s.s@417661@s.s@Kwiatkowski, Michal
6734@s.s@KRUIJSWIJK Steven@s.s@9@s.s@Cycling@s.s@417640@s.s@Kruijswijk, Steven
7058@s.s@KREUZIGER Roman@s.s@9@s.s@Cycling@s.s@417660@s.s@Kreuziger, Roman
6752@s.s@KONRAD Patrick@s.s@9@s.s@Cycling@s.s@417633@s.s@Konrad, Patrick
6846@s.s@KELDERMAN Wilco@s.s@9@s.s@Cycling@s.s@417657@s.s@Kelderman, Wilco
6760@s.s@JUNGELS Bob@s.s@9@s.s@Cycling@s.s@417656@s.s@Jungels, Bob
6754@s.s@IZAGIRRE Ion@s.s@9@s.s@Cycling@s.s@417669@s.s@Izagirre Insausti, Jon
6785@s.s@HIRSCHI Marc@s.s@9@s.s@Cycling@s.s@417676@s.s@Hirschi, Marc
6727@s.s@HIGUITA Sergio@s.s@9@s.s@Cycling@s.s@417677@s.s@Higuita, Sergio Andres
6748@s.s@HERRADA Jesús@s.s@9@s.s@Cycling@s.s@417636@s.s@Herrada Lopez, Jesus
6815@s.s@GEOGHEGAN HART Tao@s.s@9@s.s@Cycling@s.s@417617@s.s@Hart, Tao Geoghegan
6876@s.s@HAMILTON Lucas@s.s@9@s.s@Cycling@s.s@417684@s.s@Hamilton, Lucas
6738@s.s@HAIG Jack@s.s@9@s.s@Cycling@s.s@417647@s.s@Haig, Jack
6749@s.s@GROSSSCHARTNER Felix@s.s@9@s.s@Cycling@s.s@417687@s.s@Grossschartner, Felix
6739@s.s@GAUDU David@s.s@9@s.s@Cycling@s.s@417619@s.s@Gaudu, David
6695@s.s@FUGLSANG Jakob@s.s@9@s.s@Cycling@s.s@417665@s.s@Fuglsang, Jakob
8609@s.s@FROOME Chris@s.s@9@s.s@Cycling@s.s@417674@s.s@Froome, Christopher
6731@s.s@EVENEPOEL Remco@s.s@9@s.s@Cycling@s.s@417679@s.s@Evenepoel, Remco
6839@s.s@DUMOULIN Tom@s.s@9@s.s@Cycling@s.s@417658@s.s@Dumoulin, Tom
6932@s.s@DOMBROWSKI Joe@s.s@9@s.s@Cycling@s.s@417631@s.s@Dombrowski, Joseph
6741@s.s@DENNIS Rohan@s.s@9@s.s@Cycling@s.s@417648@s.s@Dennis, Rohan
6816@s.s@DE PLUS Laurens@s.s@9@s.s@Cycling@s.s@417623@s.s@De Plus, Laurens
6942@s.s@CHAVES Esteban@s.s@9@s.s@Cycling@s.s@417641@s.s@Chaves Rubio, Johan Esteban
8610@s.s@CARUSO Damiano@s.s@9@s.s@Cycling@s.s@417644@s.s@Caruso, Damian
6881@s.s@CARTHY Hugh@s.s@9@s.s@Cycling@s.s@417624@s.s@Carthy, Hugh
6716@s.s@CARAPAZ Richard@s.s@9@s.s@Cycling@s.s@417621@s.s@Carapaz, Richard
6708@s.s@BUCHMANN Emanuel@s.s@9@s.s@Cycling@s.s@417629@s.s@Buchmann, Emanuel
6845@s.s@BETANCUR Carlos@s.s@9@s.s@Cycling@s.s@417651@s.s@Betancur Gomez, Carlos Alberto
6696@s.s@BERNAL Egan@s.s@9@s.s@Cycling@s.s@417618@s.s@Bernal, Egan
6722@s.s@BENOOT Tiesj@s.s@9@s.s@Cycling@s.s@417632@s.s@Benoot, Tiesj
6827@s.s@BENNETT George@s.s@9@s.s@Cycling@s.s@417646@s.s@Bennett, George
6791@s.s@BARGUIL Warren@s.s@9@s.s@Cycling@s.s@417650@s.s@Barguil, Warren
6750@s.s@ASGREEN Kasper@s.s@9@s.s@Cycling@s.s@417680@s.s@Asgreen, Kasper
8611@s.s@ARU Fabio@s.s@9@s.s@Cycling@s.s@417639@s.s@Aru, Fabio
6694@s.s@ALAPHILIPPE Julian@s.s@9@s.s@Cycling@s.s@417645@s.s@Alaphilippe, Julian
4924@s.s@Jimmy Walker@s.s@10@s.s@Golf@s.s@417695@s.s@Walker, Jimmy
4697@s.s@Tiger Woods@s.s@10@s.s@Golf@s.s@417697@s.s@Woods, Tiger
4718@s.s@Marc Leishman@s.s@10@s.s@Golf@s.s@417698@s.s@Leishman, Marc
4694@s.s@Justin Thomas@s.s@10@s.s@Golf@s.s@417690@s.s@Thomas, Justin
4707@s.s@Paul Casey@s.s@10@s.s@Golf@s.s@417693@s.s@Casey, Paul
4730@s.s@Jason Day@s.s@10@s.s@Golf@s.s@417691@s.s@Day, Jason
4747@s.s@Charles Howell III@s.s@10@s.s@Golf@s.s@417696@s.s@Howell Iii, Charles
4714@s.s@Matt Kuchar@s.s@10@s.s@Golf@s.s@417692@s.s@Kuchar, Matt
4742@s.s@Bubba Watson@s.s@10@s.s@Golf@s.s@417728@s.s@Watson, Bubba
4753@s.s@Lee Westwood@s.s@10@s.s@Golf@s.s@417776@s.s@Westwood, Lee
4810@s.s@Aaron Wise@s.s@10@s.s@Golf@s.s@417737@s.s@Wise, Aaron
4792@s.s@Matthew Wolff@s.s@10@s.s@Golf@s.s@417720@s.s@Wolff, Matthew
4704@s.s@Gary Woodland@s.s@10@s.s@Golf@s.s@417721@s.s@Woodland, Gary
4749@s.s@Tom Lewis@s.s@10@s.s@Golf@s.s@417760@s.s@Lewis, Tom
4759@s.s@Haotong Li@s.s@10@s.s@Golf@s.s@417759@s.s@Li, Haotong
4840@s.s@Luke List@s.s@10@s.s@Golf@s.s@417707@s.s@List, Luke
4709@s.s@Shane Lowry@s.s@10@s.s@Golf@s.s@417711@s.s@Lowry, Shane
4778@s.s@Joost Luiten@s.s@10@s.s@Golf@s.s@417767@s.s@Luiten, Joost
4755@s.s@Robert MacIntyre@s.s@10@s.s@Golf@s.s@417773@s.s@Macintyre, Robert
4711@s.s@Hideki Matsuyama@s.s@10@s.s@Golf@s.s@417714@s.s@Matsuyama, Hideki
4692@s.s@Rory McIlroy@s.s@10@s.s@Golf@s.s@417770@s.s@Mcilroy, Rory
4769@s.s@Phil Mickelson@s.s@10@s.s@Golf@s.s@417705@s.s@Mickelson, Phil
4791@s.s@Keith Mitchell@s.s@10@s.s@Golf@s.s@417754@s.s@Mitchell, Keith
4743@s.s@Collin Morikawa@s.s@10@s.s@Golf@s.s@417736@s.s@Morikawa, Collin
4717@s.s@Kevin Na@s.s@10@s.s@Golf@s.s@417715@s.s@Na, Kevin
4772@s.s@Alex Noren@s.s@10@s.s@Golf@s.s@417706@s.s@Noren, Alexander
4789@s.s@Thorbjorn Olesen@s.s@10@s.s@Golf@s.s@417772@s.s@Olesen, Thorbjorn
4708@s.s@Louis Oosthuizen@s.s@10@s.s@Golf@s.s@417739@s.s@Oosthuizen, Louis
4761@s.s@Ryan Palmer@s.s@10@s.s@Golf@s.s@417716@s.s@Palmer, Ryan
4760@s.s@C.T. Pan@s.s@10@s.s@Golf@s.s@417735@s.s@Pan, C.t.
4745@s.s@Eddie Pepperell@s.s@10@s.s@Golf@s.s@417762@s.s@Pepperell, Eddie
4801@s.s@Scott Piercy@s.s@10@s.s@Golf@s.s@417709@s.s@Piercy, Scott
4736@s.s@Ian Poulter@s.s@10@s.s@Golf@s.s@417701@s.s@Poulter, Ian
4693@s.s@Jon Rahm@s.s@10@s.s@Golf@s.s@417743@s.s@Rahm, Jon
4727@s.s@Chez Reavie@s.s@10@s.s@Golf@s.s@417734@s.s@Reavie, Chez
4702@s.s@Patrick Reed@s.s@10@s.s@Golf@s.s@417758@s.s@Reed, Patrick
4699@s.s@Justin Rose@s.s@10@s.s@Golf@s.s@417700@s.s@Rose, Justin
4698@s.s@Xander Schauffele@s.s@10@s.s@Golf@s.s@417741@s.s@Schauffele, Xander
4703@s.s@Adam Scott@s.s@10@s.s@Golf@s.s@417702@s.s@Scott, Adam
4701@s.s@Webb Simpson@s.s@10@s.s@Golf@s.s@417746@s.s@Simpson, Webb
5072@s.s@Jack Singh Brar@s.s@10@s.s@Golf@s.s@417782@s.s@Singh, Vijay
4721@s.s@Cameron Smith@s.s@10@s.s@Golf@s.s@417761@s.s@Smith, Cameron
4733@s.s@Jordan Spieth@s.s@10@s.s@Golf@s.s@417768@s.s@Spieth, Jordan
4811@s.s@Kyle Stanley@s.s@10@s.s@Golf@s.s@417730@s.s@Stanley, Kyle
4716@s.s@Henrik Stenson@s.s@10@s.s@Golf@s.s@417699@s.s@Stenson, Henrik
4734@s.s@Byeong Hun An@s.s@10@s.s@Golf@s.s@417769@s.s@An, Byeong-Hun
4729@s.s@Abraham Ancer@s.s@10@s.s@Golf@s.s@417748@s.s@Ancer, Abraham
4776@s.s@Lucas Bjerregaard@s.s@10@s.s@Golf@s.s@417771@s.s@Bjerregaard, Lucas
4740@s.s@Keegan Bradley@s.s@10@s.s@Golf@s.s@417712@s.s@Bradley, Keegan
4732@s.s@Rafa Cabrera Bello@s.s@10@s.s@Golf@s.s@417729@s.s@Cabrera Bello, Rafael
4798@s.s@Jorge Campillo@s.s@10@s.s@Golf@s.s@417710@s.s@Campillo, Jorge
4696@s.s@Patrick Cantlay@s.s@10@s.s@Golf@s.s@417757@s.s@Cantlay, Patrick
4765@s.s@Cameron Champ@s.s@10@s.s@Golf@s.s@417731@s.s@Champ, Cameron
4746@s.s@Corey Conners@s.s@10@s.s@Golf@s.s@417751@s.s@Conners, Corey
4706@s.s@Bryson DeChambeau@s.s@10@s.s@Golf@s.s@417742@s.s@Dechambeau, Bryson
4705@s.s@Tony Finau@s.s@10@s.s@Golf@s.s@417724@s.s@Finau, Tony
4700@s.s@Tommy Fleetwood@s.s@10@s.s@Golf@s.s@417727@s.s@Fleetwood, Tommy
4712@s.s@Rickie Fowler@s.s@10@s.s@Golf@s.s@417723@s.s@Fowler, Rickie
4751@s.s@Jim Furyk@s.s@10@s.s@Golf@s.s@417703@s.s@Furyk, Jim
4731@s.s@Sergio Garcia@s.s@10@s.s@Golf@s.s@417704@s.s@Garcia, Sergio
4762@s.s@Lucas Glover@s.s@10@s.s@Golf@s.s@417749@s.s@Glover, Lucas
4763@s.s@Branden Grace@s.s@10@s.s@Golf@s.s@417733@s.s@Grace, Branden
4800@s.s@Emiliano Grillo@s.s@10@s.s@Golf@s.s@417717@s.s@Grillo, Emiliano
4739@s.s@Adam Hadwin@s.s@10@s.s@Golf@s.s@417764@s.s@Hadwin, Adam
4768@s.s@Justin Harding@s.s@10@s.s@Golf@s.s@417753@s.s@Harding, Justin
4724@s.s@Tyrrell Hatton@s.s@10@s.s@Golf@s.s@417765@s.s@Hatton, Tyrrell
4856@s.s@Charley Hoffman@s.s@10@s.s@Golf@s.s@417750@s.s@Hoffman, Charley
4726@s.s@Billy Horschel@s.s@10@s.s@Golf@s.s@417740@s.s@Horschel, Billy
4784@s.s@Viktor Hovland@s.s@10@s.s@Golf@s.s@417745@s.s@Hovland, Viktor
4725@s.s@Sungjae Im@s.s@10@s.s@Golf@s.s@417744@s.s@Im, Sung-Jae
4728@s.s@Jazz Janewattananond@s.s@10@s.s@Golf@s.s@417755@s.s@Janewattananond, Jazz
4695@s.s@Dustin Johnson@s.s@10@s.s@Golf@s.s@417725@s.s@Johnson, Dustin
4890@s.s@Zach Johnson@s.s@10@s.s@Golf@s.s@417732@s.s@Johnson, Zach
4777@s.s@Sunghoon Kang@s.s@10@s.s@Golf@s.s@417719@s.s@Kang, Sung Hoon
4817@s.s@Martin Kaymer@s.s@10@s.s@Golf@s.s@417778@s.s@Kaymer, Martin
4797@s.s@Siwoo Kim@s.s@10@s.s@Golf@s.s@417774@s.s@Kim, Si-Woo
4720@s.s@Kevin Kisner@s.s@10@s.s@Golf@s.s@417713@s.s@Kisner, Kevin
4803@s.s@Russell Knox@s.s@10@s.s@Golf@s.s@417763@s.s@Knox, Russell
4691@s.s@Brooks Koepka@s.s@10@s.s@Golf@s.s@417756@s.s@Koepka, Brooks
4754@s.s@Jason Kokrak@s.s@10@s.s@Golf@s.s@417726@s.s@Kokrak, Jason
4790@s.s@Graeme McDowell@s.s@10@s.s@Golf@s.s@417784@s.s@Mcdowell, Graeme
4744@s.s@Joaquin Niemann@s.s@10@s.s@Golf@s.s@417786@s.s@Niemann, Joaquin
4735@s.s@Victor Perez@s.s@10@s.s@Golf@s.s@417791@s.s@Perez, Victor
4775@s.s@Thomas Pieters@s.s@10@s.s@Golf@s.s@417797@s.s@Pieters, Thomas
4770@s.s@Matthias Schwab@s.s@10@s.s@Golf@s.s@417794@s.s@Schwab, Matthias
4923@s.s@Charl Schwartzel@s.s@10@s.s@Golf@s.s@417787@s.s@Schwartzel, Charl
4748@s.s@Brendon Todd@s.s@10@s.s@Golf@s.s@417785@s.s@Todd, Brendon
4738@s.s@Erik van Rooyen@s.s@10@s.s@Golf@s.s@417792@s.s@Van Rooyen, Erik
8004@s.s@Europe@s.s@10@s.s@Golf@s.s@417799@s.s@Europe
4796@s.s@Dylan Frittelli@s.s@10@s.s@Golf@s.s@417789@s.s@Frittelli, Dylan
5015@s.s@Padraig Harrington@s.s@10@s.s@Golf@s.s@417796@s.s@Harrington, Padraig
4845@s.s@Andrew Johnston@s.s@10@s.s@Golf@s.s@417795@s.s@Johnston, Andrew
12771@s.s@Bjerringbro-Silkeborg@s.s@38@s.s@Handball@s.s@417831@s.s@Bjerringbro-Silkeborg
12831@s.s@IFK Kristianstad@s.s@38@s.s@Handball@s.s@417824@s.s@IFK Kristianstad
12780@s.s@SonderjyskE@s.s@38@s.s@Handball@s.s@417838@s.s@Sonderjyske
12797@s.s@THW Kiel@s.s@38@s.s@Handball@s.s@417802@s.s@THW Kiel
12781@s.s@TTH Holstebro@s.s@38@s.s@Handball@s.s@417839@s.s@Tth Holstebro
12769@s.s@Aalborg Håndbold@s.s@38@s.s@Handball@s.s@417837@s.s@Aalborg Handball
12770@s.s@Aarhus Håndbold@s.s@38@s.s@Handball@s.s@417836@s.s@Aarhus Handball
12772@s.s@GOG@s.s@38@s.s@Handball@s.s@417832@s.s@GOG Handbold
12775@s.s@Mors-Thy@s.s@38@s.s@Handball@s.s@417834@s.s@Mors-Thy Handbold
12777@s.s@Ribe-Esbjerg@s.s@38@s.s@Handball@s.s@417833@s.s@Ribe-Esbjerg HH
12778@s.s@Skanderborg@s.s@38@s.s@Handball@s.s@417835@s.s@Skanderborg Handbold
12779@s.s@Skjern@s.s@38@s.s@Handball@s.s@417840@s.s@Skjern Handbold
12806@s.s@TBV Lemgo@s.s@38@s.s@Handball@s.s@417801@s.s@TBV Lemgo Lippe
12800@s.s@TSV Hannover-Burgdorf@s.s@38@s.s@Handball@s.s@417803@s.s@TSV Hannover Burgdorf
12777@s.s@Ribe-Esbjerg@s.s@38@s.s@Handball@s.s@417810@s.s@Team Esbjerg
8723@s.s@Francis Ngannou@s.s@29@s.s@MMA-UFC@s.s@417861@s.s@Ngannou, Francis
8727@s.s@Jairzinho Rozenstruik@s.s@29@s.s@MMA-UFC@s.s@417862@s.s@Rozenstruik, Jairzinho
8651@s.s@Cody Stamann@s.s@29@s.s@MMA-UFC@s.s@417859@s.s@Stamann, Cody
8748@s.s@Tecia Torres@s.s@29@s.s@MMA-UFC@s.s@417857@s.s@Torres, Tecia
8654@s.s@Marlon Vera@s.s@29@s.s@MMA-UFC@s.s@417849@s.s@Vera, Marlon
7214@s.s@Castres@s.s@4@s.s@Rugby Union@s.s@417955@s.s@Castres Olympique
1626@s.s@Edinburgh@s.s@4@s.s@Rugby Union@s.s@417956@s.s@Edinburgh Rugby
8769@s.s@Aspen Ladd@s.s@29@s.s@MMA-UFC@s.s@417866@s.s@Ladd, Aspen
7282@s.s@Greece@s.s@4@s.s@Rugby Union@s.s@417998@s.s@Greece
7296@s.s@Jamaica@s.s@4@s.s@Rugby Union@s.s@417997@s.s@Jamaica
7310@s.s@Lebanon@s.s@4@s.s@Rugby Union@s.s@418001@s.s@Lebanon
1663@s.s@Australia@s.s@4@s.s@Rugby Union@s.s@418012@s.s@Australia
1601@s.s@England@s.s@4@s.s@Rugby Union@s.s@418010@s.s@England
1619@s.s@Leinster@s.s@4@s.s@Rugby Union@s.s@417987@s.s@Leinster
1619@s.s@Leinster@s.s@4@s.s@Rugby Union@s.s@417981@s.s@Leinster Lions
1613@s.s@Worcester Warriors@s.s@4@s.s@Rugby Union@s.s@417992@s.s@Worcester Warriors Rfc
1615@s.s@Wasps@s.s@4@s.s@Rugby Union@s.s@417994@s.s@Wasps Rfc
1620@s.s@Ulster@s.s@4@s.s@Rugby Union@s.s@417983@s.s@Ulster Rugby
1612@s.s@Bath@s.s@4@s.s@Rugby Union@s.s@417989@s.s@Bath Rugby
1611@s.s@Bristol Bears@s.s@4@s.s@Rugby Union@s.s@417961@s.s@Bristol RC Bears
1635@s.s@Canterbury@s.s@4@s.s@Rugby Union@s.s@417963@s.s@Canterbury Bulldogs
1607@s.s@Exeter Chiefs@s.s@4@s.s@Rugby Union@s.s@417979@s.s@Exeter RC Chiefs
1609@s.s@Gloucester@s.s@4@s.s@Rugby Union@s.s@417993@s.s@Gloucester Rugby
1614@s.s@Harlequins@s.s@4@s.s@Rugby Union@s.s@417988@s.s@Harlequin FC
1617@s.s@Leicester Tigers@s.s@4@s.s@Rugby Union@s.s@417962@s.s@Leicester FC Tigers
1606@s.s@Wales@s.s@4@s.s@Rugby Union@s.s@418008@s.s@Wales
7388@s.s@Tonga@s.s@4@s.s@Rugby Union@s.s@418003@s.s@Tonga
7249@s.s@Cook Islands@s.s@4@s.s@Rugby Union@s.s@417999@s.s@Cook Islands
1602@s.s@France@s.s@4@s.s@Rugby Union@s.s@418009@s.s@France
7273@s.s@Fiji@s.s@4@s.s@Rugby Union@s.s@418002@s.s@Fiji
7209@s.s@Toulouse@s.s@4@s.s@Rugby Union@s.s@418026@s.s@Toulouse Olympique Xiii
7209@s.s@Toulouse@s.s@4@s.s@Rugby Union@s.s@417984@s.s@Stade Toulousain
1605@s.s@Scotland@s.s@4@s.s@Rugby Union@s.s@418005@s.s@Scotland
1627@s.s@Scarlets@s.s@4@s.s@Rugby Union@s.s@417958@s.s@Scarlets
1618@s.s@Saracens@s.s@4@s.s@Rugby Union@s.s@417982@s.s@Saracens FC
7404@s.s@Samoa@s.s@4@s.s@Rugby Union@s.s@418004@s.s@Samoa
1610@s.s@Sale Sharks@s.s@4@s.s@Rugby Union@s.s@417991@s.s@Sale Rugby Union FC Sharks
7207@s.s@Racing 92@s.s@4@s.s@Rugby Union@s.s@417986@s.s@Racing 92
7205@s.s@Toulon@s.s@4@s.s@Rugby Union@s.s@417959@s.s@RC Toulonnais
7350@s.s@Papua New Guinea@s.s@4@s.s@Rugby Union@s.s@418007@s.s@Papua New Guinea
1608@s.s@Northampton Saints@s.s@4@s.s@Rugby Union@s.s@417980@s.s@Northampton Rugby FC Saints
1664@s.s@New Zealand@s.s@4@s.s@Rugby Union@s.s@418011@s.s@New Zealand
441@s.s@Stan Wawrinka@s.s@6@s.s@Tennis@s.s@418172@s.s@Stan Wawrinka
2952@s.s@Victoria Azarenka@s.s@6@s.s@Tennis@s.s@418187@s.s@Victoria Azarenka
458@s.s@Taylor  Fritz@s.s@6@s.s@Tennis@s.s@418162@s.s@Taylor Fritz
448@s.s@John Isner@s.s@6@s.s@Tennis@s.s@418151@s.s@John Isner
1706@s.s@Jannik Sinner@s.s@6@s.s@Tennis@s.s@418156@s.s@Jannik Sinner
489@s.s@Juan Martin del Potro@s.s@6@s.s@Tennis@s.s@418165@s.s@Juan Martin Del Potro
476@s.s@Karen Khachanov@s.s@6@s.s@Tennis@s.s@418149@s.s@Karen Khachanov
477@s.s@Kei Nishikori@s.s@6@s.s@Tennis@s.s@418153@s.s@Kei Nishikori
1744@s.s@Kevin Anderson@s.s@6@s.s@Tennis@s.s@418150@s.s@Kevin Anderson
2912@s.s@Kiki Bertens@s.s@6@s.s@Tennis@s.s@418205@s.s@Kiki Bertens
2941@s.s@Kristina Mladenovic@s.s@6@s.s@Tennis@s.s@418179@s.s@Kristina Mladenovic
491@s.s@Kyle Edmund@s.s@6@s.s@Tennis@s.s@418159@s.s@Kyle Edmund
495@s.s@Marin Cilic@s.s@6@s.s@Tennis@s.s@418163@s.s@Marin Cilic
2925@s.s@Maria Sakkari@s.s@6@s.s@Tennis@s.s@418201@s.s@Maria Sakkari
443@s.s@Matteo Berrettini@s.s@6@s.s@Tennis@s.s@418147@s.s@Matteo Berrettini
2905@s.s@Naomi Osaka@s.s@6@s.s@Tennis@s.s@418200@s.s@Naomi Osaka
449@s.s@Novak Djokovic@s.s@6@s.s@Tennis@s.s@418169@s.s@Novak Djokovic
497@s.s@Milos Raonic@s.s@6@s.s@Tennis@s.s@418176@s.s@Milos Raonic
492@s.s@Nick Kyrgios@s.s@6@s.s@Tennis@s.s@418154@s.s@Nick Kyrgios
478@s.s@Rafael Nadal@s.s@6@s.s@Tennis@s.s@418177@s.s@Rafael Nadal
2916@s.s@Petra Martic@s.s@6@s.s@Tennis@s.s@418186@s.s@Petra Martic
481@s.s@Reilly Opelka@s.s@6@s.s@Tennis@s.s@418164@s.s@Reilly Opelka
434@s.s@Roger Federer@s.s@6@s.s@Tennis@s.s@418174@s.s@Roger Federer
483@s.s@Jo-Wilfried Tsonga@s.s@6@s.s@Tennis@s.s@418160@s.s@Jo Wilfried Tsonga
2923@s.s@Karolína Muchová@s.s@6@s.s@Tennis@s.s@418183@s.s@Karolina Muchova
502@s.s@Pablo Carreño@s.s@6@s.s@Tennis@s.s@418168@s.s@Pablo Carreno Busta
2910@s.s@Petra Kvitová@s.s@6@s.s@Tennis@s.s@418192@s.s@Petra Kvitova
490@s.s@Roberto Bautista@s.s@6@s.s@Tennis@s.s@418178@s.s@Roberto Bautista Agut
482@s.s@Alex De Minaur@s.s@6@s.s@Tennis@s.s@418143@s.s@Alex De Minaur
442@s.s@Alexander Zverev@s.s@6@s.s@Tennis@s.s@418157@s.s@Alexander Zverev
2921@s.s@Alison Riske@s.s@6@s.s@Tennis@s.s@418180@s.s@Alison Riske
2934@s.s@Anastasija Sevastova@s.s@6@s.s@Tennis@s.s@418182@s.s@Anastasija Sevastova
2924@s.s@Amanda Anisimova@s.s@6@s.s@Tennis@s.s@418191@s.s@Amanda Anisimova
470@s.s@Andrey Rublev@s.s@6@s.s@Tennis@s.s@418148@s.s@Andrey Rublev
500@s.s@Andy Murray@s.s@6@s.s@Tennis@s.s@418171@s.s@Andy Murray
2931@s.s@Anett Kontaveit@s.s@6@s.s@Tennis@s.s@418185@s.s@Anett Kontaveit
2914@s.s@Aryna Sabalenka@s.s@6@s.s@Tennis@s.s@418195@s.s@Aryna Sabalenka
463@s.s@Borna Coric@s.s@6@s.s@Tennis@s.s@418152@s.s@Borna Coric
2909@s.s@Belinda Bencic@s.s@6@s.s@Tennis@s.s@418204@s.s@Belinda Bencic
3139@s.s@CoCo Vandeweghe@s.s@6@s.s@Tennis@s.s@418190@s.s@Coco Vandeweghe
2929@s.s@Danielle Collins@s.s@6@s.s@Tennis@s.s@418202@s.s@Danielle Collins
460@s.s@Daniil Medvedev@s.s@6@s.s@Tennis@s.s@418155@s.s@Daniil Medvedev
462@s.s@David Goffin@s.s@6@s.s@Tennis@s.s@418173@s.s@David Goffin
468@s.s@Denis Shapovalov@s.s@6@s.s@Tennis@s.s@418146@s.s@Denis Shapovalov
2926@s.s@Dayana Yastremska@s.s@6@s.s@Tennis@s.s@418194@s.s@Dayana Yastremska
435@s.s@Dominic Thiem@s.s@6@s.s@Tennis@s.s@418161@s.s@Dominic Thiem
2907@s.s@Elina Svitolina@s.s@6@s.s@Tennis@s.s@418206@s.s@Elina Svitolina
2919@s.s@Elise Mertens@s.s@6@s.s@Tennis@s.s@418199@s.s@Elise Mertens
496@s.s@Gael Monfils@s.s@6@s.s@Tennis@s.s@418170@s.s@Gael Monfils
464@s.s@Fabio Fognini@s.s@6@s.s@Tennis@s.s@418166@s.s@Fabio Fognini
475@s.s@Grigor Dimitrov@s.s@6@s.s@Tennis@s.s@418175@s.s@Grigor Dimitrov
457@s.s@Diego Schwartzman@s.s@6@s.s@Tennis@s.s@418167@s.s@Diego Sebastian Schwartzman
7130@s.s@Donna Vekić@s.s@6@s.s@Tennis@s.s@418203@s.s@Donna Vekic
465@s.s@Frances Tiafoe@s.s@6@s.s@Tennis@s.s@418158@s.s@Francis Tiafoe
2927@s.s@Sloane Stephens@s.s@6@s.s@Tennis@s.s@418215@s.s@Sloane Stephens
1760@s.s@Vasek Pospisil@s.s@6@s.s@Tennis@s.s@418229@s.s@Vasek Pospisil
2955@s.s@Svetlana Kuznetsova@s.s@6@s.s@Tennis@s.s@418244@s.s@Svetlana Kuznetsova
2957@s.s@Venus Williams@s.s@6@s.s@Tennis@s.s@418211@s.s@Venus Williams
2938@s.s@Su-wei Hsieh@s.s@6@s.s@Tennis@s.s@418241@s.s@Su Wei Hsieh
505@s.s@Hubert Hurkacz@s.s@6@s.s@Tennis@s.s@418238@s.s@Hubert Hurkacz
3003@s.s@Heather Watson@s.s@6@s.s@Tennis@s.s@418246@s.s@Heather Watson
2915@s.s@Johanna Konta@s.s@6@s.s@Tennis@s.s@418217@s.s@Johanna Konta
453@s.s@John Millman@s.s@6@s.s@Tennis@s.s@418236@s.s@John Millman
2904@s.s@Karolina Pliskova @s.s@6@s.s@Tennis@s.s@418219@s.s@Karolina Pliskova
2959@s.s@Katerina Siniakova@s.s@6@s.s@Tennis@s.s@418251@s.s@Katerina Siniakova
494@s.s@Lucas Pouille@s.s@6@s.s@Tennis@s.s@418230@s.s@Lucas Pouille
2913@s.s@Madison Keys@s.s@6@s.s@Tennis@s.s@418212@s.s@Madison Keys
2987@s.s@Ons Jabeur@s.s@6@s.s@Tennis@s.s@418252@s.s@Ons Jabeur
2930@s.s@Qiang Wang@s.s@6@s.s@Tennis@s.s@418216@s.s@Qiang Wang
1692@s.s@Richard Gasquet@s.s@6@s.s@Tennis@s.s@418250@s.s@Richard Gasquet
1880@s.s@Ruben Bemelmans@s.s@6@s.s@Tennis@s.s@418249@s.s@Ruben Bemelmans
473@s.s@Sam Querrey@s.s@6@s.s@Tennis@s.s@418234@s.s@Sam Querrey
2911@s.s@Serena Williams@s.s@6@s.s@Tennis@s.s@418213@s.s@Serena Williams
2942@s.s@Shuai Zhang@s.s@6@s.s@Tennis@s.s@418221@s.s@Shuai Zhang
2906@s.s@Simona Halep@s.s@6@s.s@Tennis@s.s@418218@s.s@Simona Halep
480@s.s@Jan-Lennard Struff@s.s@6@s.s@Tennis@s.s@418237@s.s@Jan Lennard Struff
7144@s.s@Jeļena Ostapenko@s.s@6@s.s@Tennis@s.s@418210@s.s@Jelena Ostapenko
3106@s.s@Leylah Fernandez@s.s@6@s.s@Tennis@s.s@418239@s.s@Leylah Annie Fernandez
1711@s.s@Lloyd Harris@s.s@6@s.s@Tennis@s.s@418235@s.s@Lloyd George Muirhead Harris
2933@s.s@Anastasia Pavlyuchenkova@s.s@6@s.s@Tennis@s.s@418227@s.s@Anastasia Pavlyuchenkova
2992@s.s@Anastasia Potapova@s.s@6@s.s@Tennis@s.s@418223@s.s@Anastasia Potapova
2920@s.s@Angelique Kerber@s.s@6@s.s@Tennis@s.s@418209@s.s@Angelique Kerber
2960@s.s@Anna Blinkova@s.s@6@s.s@Tennis@s.s@418225@s.s@Anna Blinkova
2903@s.s@Ashleigh Barty@s.s@6@s.s@Tennis@s.s@418207@s.s@Ashleigh Barty
2956@s.s@Carla Suárez Navarro@s.s@6@s.s@Tennis@s.s@418240@s.s@Carla Suárez Navarro
3005@s.s@Camila Giorgi@s.s@6@s.s@Tennis@s.s@418247@s.s@Camila Giorgi
2948@s.s@Caroline Garcia@s.s@6@s.s@Tennis@s.s@418208@s.s@Caroline Garcia
3170@s.s@Clara Tauson@s.s@6@s.s@Tennis@s.s@418222@s.s@Clara Tauson
452@s.s@Daniel Evans@s.s@6@s.s@Tennis@s.s@418232@s.s@Daniel Evans
2968@s.s@Cori Gauff@s.s@6@s.s@Tennis@s.s@418220@s.s@Cori Gauff
3141@s.s@Daria Gavrilova@s.s@6@s.s@Tennis@s.s@418245@s.s@Daria Gavrilova
2928@s.s@Ekaterina Alexandrova@s.s@6@s.s@Tennis@s.s@418226@s.s@Ekaterina Alexandrova
2932@s.s@Elena Rybakina@s.s@6@s.s@Tennis@s.s@418224@s.s@Elena Rybakina
461@s.s@Guido Pella@s.s@6@s.s@Tennis@s.s@418231@s.s@Guido Pella
2962@s.s@Alizé Cornet@s.s@6@s.s@Tennis@s.s@418242@s.s@Alize Cornet
2936@s.s@Garbiñe Muguruza@s.s@6@s.s@Tennis@s.s@418214@s.s@Garbine Muguruza
14078@s.s@Santa Cruz@s.s@1@s.s@Football@s.s@419185@s.s@CD Santa Cruz
14252@s.s@Tampines Rovers@s.s@1@s.s@Football@s.s@419186@s.s@Tampines
14256@s.s@Hougang United@s.s@1@s.s@Football@s.s@419189@s.s@Hougang United
14254@s.s@Balestier Khalsa@s.s@1@s.s@Football@s.s@419188@s.s@Balestier
